#pragma once
#include <Adafruit_GFX.h>

// Türkçe glifli GFX fontu — TrSans9. üretildi, elle yazılmadı — `apps/turnstile/FONTS.md`.
const uint8_t TrSans9Bitmaps[] PROGMEM = {
  0x00, 0xFF, 0xFF, 0xFA, 0x43, 0xFE, 0xEF, 0xDF, 0xBF, 0x7E, 0xE0, 0x0C,
  0xC1, 0x98, 0x66, 0x7F, 0xFF, 0xFE, 0x33, 0x0E, 0xE1, 0x98, 0xFF, 0xFF,
  0xFC, 0xCC, 0x33, 0x06, 0x60, 0x08, 0x1F, 0x1F, 0xDD, 0x7E, 0x87, 0x41,
  0xF0, 0x7E, 0x0F, 0x85, 0xFA, 0xFD, 0x77, 0xF1, 0xF0, 0x20, 0x10, 0x78,
  0x31, 0x98, 0xC3, 0x31, 0x86, 0x66, 0x0C, 0xCC, 0x0F, 0x30, 0x00, 0x60,
  0x01, 0x80, 0x03, 0x3C, 0x0C, 0xCC, 0x19, 0x98, 0x63, 0x30, 0xC6, 0x63,
  0x07, 0x80, 0x1E, 0x07, 0xF8, 0x73, 0x87, 0x38, 0x3B, 0x01, 0xE0, 0x3E,
  0x07, 0xF6, 0xE7, 0xEE, 0x3C, 0xE3, 0xE7, 0xFF, 0x3E, 0x20, 0xFF, 0xFE,
  0x37, 0x76, 0xEE, 0xEE, 0xEE, 0xEE, 0xE6, 0x67, 0x30, 0xCE, 0xE6, 0x77,
  0x77, 0x77, 0x77, 0x76, 0xEE, 0xC0, 0x32, 0xDF, 0xCC, 0x7B, 0x30, 0x1C,
  0x0E, 0x07, 0x1F, 0xFF, 0xFF, 0xFC, 0x70, 0x38, 0x1C, 0x00, 0xFF, 0x97,
  0x80, 0xFF, 0xFE, 0xFF, 0x80, 0x18, 0xCC, 0x63, 0x19, 0xCC, 0x63, 0x19,
  0x8C, 0x00, 0x3C, 0x7E, 0x66, 0xE7, 0xE7, 0xE7, 0xE7, 0xE7, 0xE7, 0xE7,
  0x66, 0x7E, 0x3C, 0x0C, 0x77, 0xFF, 0xDE, 0x71, 0xC7, 0x1C, 0x71, 0xC7,
  0x1C, 0x3C, 0x7E, 0xE7, 0xE7, 0x07, 0x0E, 0x0E, 0x1C, 0x38, 0x38, 0x70,
  0xFF, 0xFF, 0x3C, 0x7E, 0xE7, 0xE7, 0x07, 0x1E, 0x1E, 0x07, 0x07, 0xE7,
  0xE7, 0x7E, 0x3C, 0x07, 0x03, 0xC0, 0xF0, 0x7C, 0x37, 0x0D, 0xC6, 0x73,
  0x1C, 0xFF, 0xFF, 0xF0, 0x70, 0x1C, 0x07, 0x00, 0x3E, 0x3E, 0x70, 0x60,
  0x7C, 0x7E, 0xE7, 0x07, 0x07, 0x07, 0xE7, 0x7E, 0x3C, 0x3E, 0x7F, 0x67,
  0xE0, 0xFC, 0xFE, 0xE7, 0xE7, 0xE7, 0xE7, 0x67, 0x7E, 0x3C, 0xFF, 0xFF,
  0x07, 0x0E, 0x0C, 0x1C, 0x18, 0x38, 0x38, 0x70, 0x70, 0x70, 0x70, 0x3C,
  0x7E, 0xE7, 0xE7, 0xE7, 0x7E, 0x3C, 0x66, 0xE7, 0xE7, 0xE7, 0x7E, 0x3C,
  0x3C, 0x7E, 0xE6, 0xE7, 0xE7, 0xE7, 0xE7, 0x7F, 0x3F, 0x07, 0xE6, 0x7E,
  0x3C, 0xFF, 0x80, 0x07, 0xFC, 0xFF, 0x80, 0x07, 0xFC, 0xBC, 0x00, 0x81,
  0xC7, 0xEF, 0xCF, 0x07, 0x81, 0xF8, 0x3F, 0x03, 0x80, 0x40, 0xFF, 0xFF,
  0xFF, 0xE0, 0x00, 0x07, 0xFF, 0xFF, 0xFF, 0x80, 0x70, 0x3F, 0x07, 0xE0,
  0x78, 0x3C, 0xFD, 0xF8, 0xE0, 0x40, 0x00, 0x3E, 0x3F, 0xBC, 0xFC, 0x70,
  0x78, 0x78, 0x78, 0x38, 0x1C, 0x00, 0x07, 0x03, 0x81, 0xC0, 0x03, 0xF0,
  0x07, 0xFE, 0x0F, 0x07, 0x86, 0x76, 0xC6, 0x7F, 0x73, 0x63, 0x9B, 0x71,
  0xCD, 0xB0, 0xC6, 0xD8, 0x63, 0x6C, 0x73, 0x36, 0x3B, 0x99, 0xFF, 0x86,
  0xF7, 0x03, 0x80, 0x1C, 0xF0, 0x3C, 0x3F, 0xFC, 0x07, 0xF8, 0x00, 0x0F,
  0x80, 0x7C, 0x03, 0xE0, 0x3B, 0x81, 0xDC, 0x0E, 0xE0, 0xE3, 0x87, 0xFC,
  0x3F, 0xE3, 0xFF, 0x9C, 0x1C, 0xE0, 0xEE, 0x03, 0x80, 0xFF, 0x9F, 0xFB,
  0xFF, 0xF0, 0x7E, 0x0F, 0xFF, 0xBF, 0xE7, 0xFE, 0xE0, 0xFC, 0x1F, 0xFF,
  0xFF, 0xEF, 0xF8, 0x0F, 0x07, 0xF9, 0xFF, 0x38, 0xFE, 0x0D, 0xC0, 0x38,
  0x07, 0x00, 0xE0, 0xCE, 0x3D, 0xFF, 0x1F, 0xE0, 0xF0, 0xFF, 0x1F, 0xFB,
  0xFF, 0x70, 0xFE, 0x0F, 0xC1, 0xF8, 0x3F, 0x07, 0xE0, 0xFC, 0x3F, 0xFF,
  0x7F, 0xEF, 0xF0, 0xFF, 0xFF, 0xFF, 0xFF, 0x80, 0xE0, 0x3F, 0xFF, 0xFF,
  0xFF, 0xE0, 0x38, 0x0F, 0xFF, 0xFF, 0xFF, 0xC0, 0xFF, 0xFF, 0xFF, 0xFC,
  0x0E, 0x07, 0xFB, 0xFD, 0xFE, 0xE0, 0x70, 0x38, 0x1C, 0x0E, 0x00, 0x0F,
  0x83, 0xFE, 0x7F, 0xE7, 0x0F, 0xE0, 0x6E, 0x00, 0xE3, 0xFE, 0x3F, 0xE3,
  0xF7, 0x07, 0x7F, 0xF3, 0xFE, 0x0F, 0x80, 0xE0, 0xFC, 0x1F, 0x83, 0xF0,
  0x7E, 0x0F, 0xFF, 0xFF, 0xFF, 0xFF, 0xE0, 0xFC, 0x1F, 0x83, 0xF0, 0x7E,
  0x0E, 0xFF, 0xFF, 0xFF, 0xFF, 0xFE, 0x03, 0x81, 0xC0, 0xE0, 0x70, 0x38,
  0x1C, 0x0E, 0x07, 0xE3, 0xF1, 0xFF, 0xEF, 0xE3, 0xE0, 0xE1, 0xEE, 0x3C,
  0xE3, 0x8E, 0x70, 0xEE, 0x0F, 0xE0, 0xFF, 0x0F, 0x70, 0xE3, 0x8E, 0x38,
  0xE1, 0xCE, 0x0E, 0xE0, 0xE0, 0xE0, 0x70, 0x38, 0x1C, 0x0E, 0x07, 0x03,
  0x81, 0xC0, 0xE0, 0x70, 0x3F, 0xFF, 0xFF, 0xF8, 0xF0, 0x7F, 0x83, 0xFE,
  0x3F, 0xF1, 0xFF, 0x8F, 0xF6, 0xDF, 0xB6, 0xFD, 0xB7, 0xED, 0xBF, 0x39,
  0xF9, 0xCF, 0xCE, 0x7E, 0x23, 0x80, 0xE0, 0xFE, 0x1F, 0xE3, 0xFC, 0x7F,
  0xCF, 0xD9, 0xFB, 0xBF, 0x37, 0xE7, 0xFC, 0x7F, 0x8F, 0xF0, 0xFE, 0x0E,
  0x0F, 0x03, 0xFC, 0x7F, 0xE7, 0x0E, 0xE0, 0x7E, 0x07, 0xE0, 0x7E, 0x07,
  0xE0, 0x77, 0x0E, 0x7F, 0xE3, 0xFC, 0x0F, 0x00, 0xFF, 0x3F, 0xEF, 0xFF,
  0x87, 0xE1, 0xFF, 0xFF, 0xFB, 0xFC, 0xE0, 0x38, 0x0E, 0x03, 0x80, 0xE0,
  0x00, 0x1F, 0x83, 0xFC, 0x7F, 0xE7, 0x0E, 0xE0, 0x7E, 0x07, 0xE0, 0x7E,
  0x27, 0xE7, 0xF7, 0x3F, 0x7F, 0xE3, 0xFE, 0x1F, 0x70, 0x02, 0xFF, 0x8F,
  0xFC, 0xFF, 0xEE, 0x0E, 0xE0, 0xEF, 0xFE, 0xFF, 0xCF, 0xF0, 0xE7, 0x8E,
  0x3C, 0xE1, 0xCE, 0x1E, 0xE0, 0xF0, 0x3F, 0x1F, 0xEF, 0xFF, 0x87, 0xE0,
  0x3F, 0x87, 0xF8, 0x7F, 0x01, 0xF8, 0x7F, 0xFD, 0xFE, 0x3F, 0x00, 0xFF,
  0xFF, 0xFF, 0xFF, 0x87, 0x00, 0xE0, 0x1C, 0x03, 0x80, 0x70, 0x0E, 0x01,
  0xC0, 0x38, 0x07, 0x00, 0xE0, 0xE0, 0xFC, 0x1F, 0x83, 0xF0, 0x7E, 0x0F,
  0xC1, 0xF8, 0x3F, 0x07, 0xE0, 0xFE, 0x3D, 0xFF, 0x3F, 0xE1, 0xF0, 0xE0,
  0x3F, 0x01, 0xDC, 0x1C, 0xE0, 0xE7, 0x07, 0x1C, 0x70, 0xE3, 0x83, 0xB8,
  0x1D, 0xC0, 0xEE, 0x03, 0xE0, 0x1F, 0x00, 0xF8, 0x00, 0xE1, 0xC3, 0xF0,
  0xE1, 0xF8, 0xF8, 0xEE, 0x6C, 0xE7, 0x36, 0x73, 0xBB, 0xB9, 0xDD, 0xDC,
  0xEC, 0x6E, 0x76, 0x37, 0x1F, 0x1F, 0x0F, 0x8F, 0x87, 0x83, 0xC3, 0xC1,
  0xE0, 0x70, 0xE7, 0x0E, 0x39, 0xC1, 0x98, 0x1F, 0x80, 0xF0, 0x0F, 0x00,
  0xF0, 0x1F, 0x81, 0x98, 0x39, 0xC7, 0x0E, 0x70, 0xE0, 0x70, 0x73, 0x83,
  0x8E, 0x38, 0x3B, 0x81, 0xDC, 0x07, 0xC0, 0x3E, 0x00, 0xE0, 0x07, 0x00,
  0x38, 0x01, 0xC0, 0x0E, 0x00, 0x70, 0x00, 0x7F, 0xDF, 0xF7, 0xFC, 0x0E,
  0x07, 0x03, 0x81, 0xE0, 0x70, 0x38, 0x1C, 0x0F, 0xFF, 0xFF, 0xFF, 0xC0,
  0xFF, 0xFF, 0xCE, 0x73, 0x9C, 0xE7, 0x39, 0xCE, 0x73, 0xFF, 0xF8, 0xC6,
  0x18, 0xC6, 0x31, 0xC6, 0x31, 0x8C, 0x31, 0x80, 0xFF, 0xFE, 0x73, 0x9C,
  0xE7, 0x39, 0xCE, 0x73, 0x9F, 0xFF, 0xF8, 0x1C, 0x0E, 0x0F, 0x86, 0xC7,
  0x73, 0x1B, 0x8E, 0xFF, 0xFF, 0xF0, 0xE6, 0x30, 0x3E, 0x3F, 0xB1, 0xC1,
  0xE3, 0xF3, 0xBB, 0x9D, 0xCE, 0xFF, 0x3D, 0xC0, 0xE0, 0x70, 0x38, 0x1D,
  0xCF, 0xF7, 0xBF, 0x8F, 0xC7, 0xE3, 0xF1, 0xFD, 0xFF, 0xEE, 0xE0, 0x3C,
  0x7E, 0xF7, 0xE2, 0xE0, 0xE0, 0xE2, 0xF7, 0x7E, 0x3C, 0x03, 0x81, 0xC0,
  0xE7, 0x77, 0xFF, 0xBF, 0x8F, 0xC7, 0xE3, 0xF1, 0xFD, 0xEF, 0xF3, 0xB8,
  0x3E, 0x3F, 0xB8, 0xFC, 0x7F, 0xFF, 0xFF, 0x81, 0xC7, 0x7F, 0x1F, 0x00,
  0x3E, 0xFD, 0xC7, 0xEF, 0xCE, 0x1C, 0x38, 0x70, 0xE1, 0xC3, 0x87, 0x00,
  0x3B, 0xBF, 0xFD, 0xFC, 0x7E, 0x3F, 0x1F, 0x8F, 0xEF, 0x7F, 0x9D, 0xC0,
  0xFC, 0x7F, 0xF3, 0xF0, 0xE0, 0x70, 0x38, 0x1D, 0xEF, 0xFF, 0x9F, 0x8F,
  0xC7, 0xE3, 0xF1, 0xF8, 0xFC, 0x7E, 0x38, 0xFC, 0x7F, 0xFF, 0xFF, 0xFE,
  0x39, 0xC0, 0x73, 0x9C, 0xE7, 0x39, 0xCE, 0x73, 0x9C, 0xFF, 0xF0, 0xE0,
  0x70, 0x38, 0x1C, 0x7E, 0x77, 0x73, 0xF1, 0xF8, 0xFE, 0x77, 0x39, 0xDC,
  0xEE, 0x38, 0xFF, 0xFF, 0xFF, 0xFF, 0xFE, 0xEF, 0x3D, 0xFF, 0xFF, 0xCF,
  0x3F, 0x1C, 0x7E, 0x38, 0xFC, 0x71, 0xF8, 0xE3, 0xF1, 0xC7, 0xE3, 0x8F,
  0xC7, 0x1C, 0xEF, 0x7F, 0xFC, 0xFC, 0x7E, 0x3F, 0x1F, 0x8F, 0xC7, 0xE3,
  0xF1, 0xC0, 0x3E, 0x3F, 0xBD, 0xFC, 0x7E, 0x3F, 0x1F, 0x8F, 0xEF, 0x7F,
  0x1F, 0x00, 0xEE, 0x7F, 0xBD, 0xFC, 0x7E, 0x3F, 0x1F, 0x8F, 0xEF, 0xFF,
  0x77, 0x38, 0x1C, 0x0E, 0x07, 0x00, 0x3B, 0xBF, 0xFD, 0xFC, 0x7E, 0x3F,
  0x1F, 0x8F, 0xEF, 0x7F, 0x9D, 0xC0, 0xE0, 0x70, 0x38, 0x1C, 0xEF, 0xFF,
  0x38, 0xE3, 0x8E, 0x38, 0xE3, 0x80, 0x7E, 0xFF, 0xE7, 0xF0, 0x7C, 0x3E,
  0x0F, 0xE7, 0xFF, 0x7E, 0x31, 0xC7, 0x3F, 0xFD, 0xC7, 0x1C, 0x71, 0xC7,
  0x1F, 0x3C, 0xE3, 0xF1, 0xF8, 0xFC, 0x7E, 0x3F, 0x1F, 0x8F, 0xCF, 0xFF,
  0xBD, 0xC0, 0x71, 0xCE, 0x39, 0xC7, 0x1D, 0xC3, 0xB8, 0x36, 0x07, 0xC0,
  0xF8, 0x0E, 0x01, 0xC0, 0xE3, 0x8F, 0xC7, 0x1D, 0x8E, 0x33, 0xBE, 0xE7,
  0x6D, 0xC6, 0xDB, 0x0F, 0xBE, 0x1E, 0x3C, 0x1C, 0x70, 0x38, 0xE0, 0x71,
  0xC7, 0x70, 0xEE, 0x0F, 0x80, 0xE0, 0x1C, 0x07, 0xC1, 0xDC, 0x3B, 0x8E,
  0x38, 0xE0, 0xFC, 0x1D, 0xC7, 0x38, 0xE3, 0x18, 0x77, 0x06, 0xE0, 0xF8,
  0x1F, 0x01, 0xC0, 0x38, 0x0E, 0x07, 0xC0, 0xF0, 0x00, 0xFF, 0xFC, 0x38,
  0xE3, 0x87, 0x1C, 0x70, 0xFF, 0xFC, 0x1C, 0xF3, 0x0C, 0x30, 0xC3, 0x1C,
  0xE3, 0x87, 0x0C, 0x30, 0xC3, 0x0F, 0x1C, 0xFF, 0xFF, 0xFF, 0xFF, 0xC0,
  0xE3, 0xC3, 0x0C, 0x30, 0xC3, 0x0E, 0x1C, 0x73, 0x8C, 0x30, 0xC3, 0x3C,
  0xE0, 0x78, 0x7F, 0xFF, 0xFE, 0x1E, 0xFF, 0xE0, 0x18, 0x06, 0x01, 0x80,
  0x60, 0x18, 0x06, 0x01, 0x80, 0x60, 0x18, 0x07, 0xFF, 0xFF, 0xE0, 0x18,
  0x06, 0x01, 0x80, 0x60, 0x18, 0x06, 0x01, 0x80, 0x60, 0x18, 0x07, 0xFF,
  0xFF, 0xE0, 0x18, 0x06, 0x01, 0x80, 0x60, 0x18, 0x06, 0x01, 0x80, 0x60,
  0x18, 0x07, 0xFF, 0xFF, 0xE0, 0x18, 0x06, 0x01, 0x80, 0x60, 0x18, 0x06,
  0x01, 0x80, 0x60, 0x18, 0x07, 0xFF, 0xFF, 0xE0, 0x18, 0x06, 0x01, 0x80,
  0x60, 0x18, 0x06, 0x01, 0x80, 0x60, 0x18, 0x07, 0xFF, 0xFF, 0xE0, 0x18,
  0x06, 0x01, 0x80, 0x60, 0x18, 0x06, 0x01, 0x80, 0x60, 0x18, 0x07, 0xFF,
  0xFF, 0xE0, 0x18, 0x06, 0x01, 0x80, 0x60, 0x18, 0x06, 0x01, 0x80, 0x60,
  0x18, 0x07, 0xFF, 0xFF, 0xE0, 0x18, 0x06, 0x01, 0x80, 0x60, 0x18, 0x06,
  0x01, 0x80, 0x60, 0x18, 0x07, 0xFF, 0xFF, 0xE0, 0x18, 0x06, 0x01, 0x80,
  0x60, 0x18, 0x06, 0x01, 0x80, 0x60, 0x18, 0x07, 0xFF, 0xFF, 0xE0, 0x18,
  0x06, 0x01, 0x80, 0x60, 0x18, 0x06, 0x01, 0x80, 0x60, 0x18, 0x07, 0xFF,
  0xFF, 0xE0, 0x18, 0x06, 0x01, 0x80, 0x60, 0x18, 0x06, 0x01, 0x80, 0x60,
  0x18, 0x07, 0xFF, 0xFF, 0xE0, 0x18, 0x06, 0x01, 0x80, 0x60, 0x18, 0x06,
  0x01, 0x80, 0x60, 0x18, 0x07, 0xFF, 0xFF, 0xE0, 0x18, 0x06, 0x01, 0x80,
  0x60, 0x18, 0x06, 0x01, 0x80, 0x60, 0x18, 0x07, 0xFF, 0xFF, 0xE0, 0x18,
  0x06, 0x01, 0x80, 0x60, 0x18, 0x06, 0x01, 0x80, 0x60, 0x18, 0x07, 0xFF,
  0xFF, 0xE0, 0x18, 0x06, 0x01, 0x80, 0x60, 0x18, 0x06, 0x01, 0x80, 0x60,
  0x18, 0x07, 0xFF, 0xFF, 0xE0, 0x18, 0x06, 0x01, 0x80, 0x60, 0x18, 0x06,
  0x01, 0x80, 0x60, 0x18, 0x07, 0xFF, 0xFF, 0xE0, 0x18, 0x06, 0x01, 0x80,
  0x60, 0x18, 0x06, 0x01, 0x80, 0x60, 0x18, 0x07, 0xFF, 0xFF, 0xE0, 0x18,
  0x06, 0x01, 0x80, 0x60, 0x18, 0x06, 0x01, 0x80, 0x60, 0x18, 0x07, 0xFF,
  0xFF, 0xE0, 0x18, 0x06, 0x01, 0x80, 0x60, 0x18, 0x06, 0x01, 0x80, 0x60,
  0x18, 0x07, 0xFF, 0xFF, 0xE0, 0x18, 0x06, 0x01, 0x80, 0x60, 0x18, 0x06,
  0x01, 0x80, 0x60, 0x18, 0x07, 0xFF, 0xFF, 0xE0, 0x18, 0x06, 0x01, 0x80,
  0x60, 0x18, 0x06, 0x01, 0x80, 0x60, 0x18, 0x07, 0xFF, 0xFF, 0xE0, 0x18,
  0x06, 0x01, 0x80, 0x60, 0x18, 0x06, 0x01, 0x80, 0x60, 0x18, 0x07, 0xFF,
  0xFF, 0xE0, 0x18, 0x06, 0x01, 0x80, 0x60, 0x18, 0x06, 0x01, 0x80, 0x60,
  0x18, 0x07, 0xFF, 0xFF, 0xE0, 0x18, 0x06, 0x01, 0x80, 0x60, 0x18, 0x06,
  0x01, 0x80, 0x60, 0x18, 0x07, 0xFF, 0xFF, 0xE0, 0x18, 0x06, 0x01, 0x80,
  0x60, 0x18, 0x06, 0x01, 0x80, 0x60, 0x18, 0x07, 0xFF, 0xFF, 0xE0, 0x18,
  0x06, 0x01, 0x80, 0x60, 0x18, 0x06, 0x01, 0x80, 0x60, 0x18, 0x07, 0xFF,
  0xFF, 0xE0, 0x18, 0x06, 0x01, 0x80, 0x60, 0x18, 0x06, 0x01, 0x80, 0x60,
  0x18, 0x07, 0xFF, 0xFF, 0xE0, 0x18, 0x06, 0x01, 0x80, 0x60, 0x18, 0x06,
  0x01, 0x80, 0x60, 0x18, 0x07, 0xFF, 0xFF, 0xE0, 0x18, 0x06, 0x01, 0x80,
  0x60, 0x18, 0x06, 0x01, 0x80, 0x60, 0x18, 0x07, 0xFF, 0xFF, 0xE0, 0x18,
  0x06, 0x01, 0x80, 0x60, 0x18, 0x06, 0x01, 0x80, 0x60, 0x18, 0x07, 0xFF,
  0xFF, 0xE0, 0x18, 0x06, 0x01, 0x80, 0x60, 0x18, 0x06, 0x01, 0x80, 0x60,
  0x18, 0x07, 0xFF, 0xFF, 0xE0, 0x18, 0x06, 0x01, 0x80, 0x60, 0x18, 0x06,
  0x01, 0x80, 0x60, 0x18, 0x07, 0xFF, 0xFF, 0xE0, 0x18, 0x06, 0x01, 0x80,
  0x60, 0x18, 0x06, 0x01, 0x80, 0x60, 0x18, 0x07, 0xFF, 0x00, 0xFF, 0x84,
  0xBF, 0xFF, 0xFF, 0xC0, 0x01, 0x01, 0x00, 0x87, 0xC7, 0xF7, 0xBF, 0x91,
  0xD0, 0xE8, 0x75, 0xFC, 0xEF, 0xE3, 0xE1, 0x00, 0x80, 0x40, 0x40, 0x00,
  0x1E, 0x0F, 0xC7, 0x39, 0xCE, 0x70, 0x3F, 0x8F, 0xE0, 0xE0, 0x38, 0x1C,
  0x0F, 0xCB, 0xFF, 0x47, 0x80, 0x21, 0x1F, 0xEF, 0xFD, 0xCE, 0x61, 0x98,
  0x67, 0x3B, 0xFF, 0x7F, 0x88, 0x40, 0xE0, 0xEE, 0x39, 0xC7, 0x1D, 0xC3,
  0xB8, 0x3E, 0x1F, 0xF3, 0xFE, 0x0E, 0x0F, 0xF9, 0xFF, 0x07, 0x00, 0xE0,
  0xFF, 0xFC, 0x0F, 0xFF, 0xC0, 0x3C, 0x3F, 0x18, 0xCC, 0x03, 0x83, 0xF3,
  0x3D, 0x87, 0xE1, 0xB8, 0xCF, 0xC3, 0xC0, 0x73, 0x19, 0xCC, 0x7E, 0x1E,
  0x00, 0xCF, 0x30, 0x0F, 0x81, 0x83, 0x18, 0x0C, 0x8F, 0x28, 0xCC, 0xCC,
  0x06, 0x60, 0x33, 0x01, 0x8C, 0xCA, 0x3C, 0x98, 0x0C, 0x60, 0xC0, 0xF8,
  0x00, 0x7B, 0x30, 0xDF, 0xCF, 0x37, 0xC0, 0x19, 0x99, 0x9D, 0xDD, 0xCE,
  0xE3, 0xB8, 0xCC, 0x33, 0xFF, 0xFF, 0xFF, 0xE0, 0x70, 0x38, 0x1C, 0x0E,
  0xFF, 0xFE, 0x0F, 0x81, 0x83, 0x18, 0x0C, 0x9E, 0x28, 0x88, 0xC4, 0x46,
  0x3C, 0x31, 0x21, 0x88, 0x8A, 0x44, 0x98, 0x0C, 0x60, 0xC0, 0xF8, 0x00,
  0xFF, 0xFF, 0xF0, 0x74, 0x63, 0x17, 0x00, 0x1C, 0x0E, 0x07, 0x1F, 0xFF,
  0xFF, 0xFC, 0x70, 0x38, 0x1C, 0x00, 0x3F, 0xFF, 0xFF, 0xF8, 0x76, 0xC6,
  0x77, 0x73, 0xE0, 0x76, 0xC6, 0x61, 0xED, 0xC0, 0x76, 0xC0, 0xE7, 0xE7,
  0xE7, 0xE7, 0xE7, 0xE7, 0xE7, 0xE7, 0xFF, 0xFF, 0xE0, 0xE0, 0xE0, 0xE0,
  0x3F, 0xDF, 0xFF, 0xDB, 0xF6, 0xFD, 0x9F, 0x63, 0xD8, 0x36, 0x0D, 0x83,
  0x60, 0xD8, 0x36, 0x0D, 0x83, 0x60, 0xD8, 0x36, 0xFF, 0x80, 0x78, 0xFC,
  0x37, 0xF3, 0x33, 0x30, 0x7B, 0x3C, 0xF3, 0xCF, 0x37, 0x80, 0xCC, 0x33,
  0x1D, 0xC7, 0x73, 0xBB, 0xB9, 0x99, 0x98, 0x30, 0xC1, 0xC3, 0x0F, 0x18,
  0x0C, 0x60, 0x33, 0x00, 0xCC, 0x03, 0x61, 0x81, 0x8E, 0x0C, 0x38, 0x31,
  0x61, 0x89, 0x86, 0x3F, 0x30, 0x18, 0x30, 0x61, 0xC1, 0x8F, 0x0C, 0x0C,
  0x30, 0x31, 0x80, 0xCC, 0x03, 0x33, 0x81, 0x9B, 0x06, 0x0C, 0x30, 0x71,
  0x83, 0x86, 0x1C, 0x30, 0x7C, 0x70, 0x31, 0xB0, 0xC0, 0x61, 0x81, 0x86,
  0x01, 0x98, 0x1B, 0x30, 0x1C, 0xC3, 0x01, 0x8E, 0x06, 0x1C, 0x18, 0x58,
  0x31, 0x30, 0xC3, 0xF1, 0x80, 0xC0, 0x1C, 0x0E, 0x07, 0x00, 0x01, 0xC0,
  0xE0, 0xF0, 0xF0, 0xF0, 0x70, 0x38, 0xFC, 0xF7, 0xF1, 0xF0, 0x0E, 0x00,
  0x30, 0x00, 0xC0, 0x00, 0x00, 0xF8, 0x07, 0xC0, 0x3E, 0x03, 0xB8, 0x1D,
  0xC0, 0xEE, 0x0E, 0x38, 0x7F, 0xC3, 0xFE, 0x3F, 0xF9, 0xC1, 0xCE, 0x0E,
  0xE0, 0x38, 0x03, 0x80, 0x18, 0x01, 0x80, 0x00, 0x00, 0xF8, 0x07, 0xC0,
  0x3E, 0x03, 0xB8, 0x1D, 0xC0, 0xEE, 0x0E, 0x38, 0x7F, 0xC3, 0xFE, 0x3F,
  0xF9, 0xC1, 0xCE, 0x0E, 0xE0, 0x38, 0x07, 0x00, 0x6C, 0x00, 0x00, 0x1F,
  0x00, 0xF8, 0x07, 0xC0, 0x77, 0x03, 0xB8, 0x1D, 0xC1, 0xC7, 0x0F, 0xF8,
  0x7F, 0xC7, 0xFF, 0x38, 0x39, 0xC1, 0xDC, 0x07, 0x0E, 0x40, 0x4E, 0x00,
  0x00, 0x1F, 0x00, 0xF8, 0x07, 0xC0, 0x77, 0x03, 0xB8, 0x1D, 0xC1, 0xC7,
  0x0F, 0xF8, 0x7F, 0xC7, 0xFF, 0x38, 0x39, 0xC1, 0xDC, 0x07, 0x0C, 0xC0,
  0x66, 0x00, 0x00, 0x1F, 0x00, 0xF8, 0x07, 0xC0, 0x77, 0x03, 0xB8, 0x1D,
  0xC1, 0xC7, 0x0F, 0xF8, 0x7F, 0xC7, 0xFF, 0x38, 0x39, 0xC1, 0xDC, 0x07,
  0x03, 0x00, 0x24, 0x01, 0x20, 0x1F, 0x00, 0xF8, 0x07, 0xC0, 0x77, 0x03,
  0xB8, 0x1D, 0xC1, 0xC7, 0x0F, 0xF8, 0x7F, 0xC7, 0xFF, 0x38, 0x39, 0xC1,
  0xDC, 0x07, 0x03, 0xFF, 0xC1, 0xFF, 0xF0, 0x77, 0xFC, 0x39, 0xC0, 0x0E,
  0x70, 0x07, 0x1F, 0xF1, 0xC7, 0xFC, 0x7F, 0xFF, 0x3F, 0xF0, 0x0F, 0xFC,
  0x07, 0x07, 0xFD, 0xC1, 0xFF, 0xE0, 0x7F, 0xC0, 0x0F, 0x07, 0xF9, 0xFF,
  0x38, 0xFE, 0x0D, 0xC0, 0x38, 0x07, 0x00, 0xE0, 0xCE, 0x3D, 0xFF, 0x1F,
  0xE0, 0xF0, 0x1E, 0x00, 0xC0, 0xF0, 0x1C, 0x03, 0x00, 0x60, 0x00, 0xFF,
  0xFF, 0xFF, 0xFF, 0x80, 0xE0, 0x3F, 0xFF, 0xFF, 0xFF, 0xE0, 0x38, 0x0F,
  0xFF, 0xFF, 0xFF, 0xC0, 0x07, 0x01, 0x80, 0xC0, 0x00, 0xFF, 0xFF, 0xFF,
  0xFF, 0x80, 0xE0, 0x3F, 0xFF, 0xFF, 0xFF, 0xE0, 0x38, 0x0F, 0xFF, 0xFF,
  0xFF, 0xC0, 0x0E, 0x06, 0xC0, 0x03, 0xFF, 0xFF, 0xFF, 0xFE, 0x03, 0x80,
  0xFF, 0xFF, 0xFF, 0xFF, 0x80, 0xE0, 0x3F, 0xFF, 0xFF, 0xFF, 0x33, 0x0C,
  0xC0, 0x03, 0xFF, 0xFF, 0xFF, 0xFE, 0x03, 0x80, 0xFF, 0xFF, 0xFF, 0xFF,
  0x80, 0xE0, 0x3F, 0xFF, 0xFF, 0xFF, 0xE6, 0x30, 0x77, 0x77, 0x77, 0x77,
  0x77, 0x77, 0x70, 0x76, 0xC0, 0xEE, 0xEE, 0xEE, 0xEE, 0xEE, 0xEE, 0xE0,
  0x76, 0xC0, 0xE7, 0x39, 0xCE, 0x73, 0x9C, 0xE7, 0x39, 0xCE, 0xCF, 0x30,
  0x1C, 0x71, 0xC7, 0x1C, 0x71, 0xC7, 0x1C, 0x71, 0xC7, 0x1C, 0x7F, 0x87,
  0xFC, 0x7F, 0xE7, 0x0F, 0x70, 0x7F, 0xE7, 0xFE, 0x77, 0x07, 0x70, 0x77,
  0x0F, 0x7F, 0xE7, 0xFE, 0x7F, 0x80, 0x1C, 0x82, 0x70, 0x00, 0x70, 0x7F,
  0x0F, 0xF1, 0xFE, 0x3F, 0xE7, 0xEC, 0xFD, 0xDF, 0x9B, 0xF3, 0xFE, 0x3F,
  0xC7, 0xF8, 0x7F, 0x07, 0x0E, 0x00, 0x60, 0x03, 0x00, 0x00, 0x0F, 0x03,
  0xFC, 0x7F, 0xE7, 0x0E, 0xE0, 0x7E, 0x07, 0xE0, 0x7E, 0x07, 0xE0, 0x77,
  0x0E, 0x7F, 0xE3, 0xFC, 0x0F, 0x00, 0x07, 0x00, 0x60, 0x0C, 0x00, 0x00,
  0x0F, 0x03, 0xFC, 0x7F, 0xE7, 0x0E, 0xE0, 0x7E, 0x07, 0xE0, 0x7E, 0x07,
  0xE0, 0x77, 0x0E, 0x7F, 0xE3, 0xFC, 0x0F, 0x00, 0x07, 0x00, 0xD8, 0x00,
  0x00, 0xF0, 0x3F, 0xC7, 0xFE, 0x70, 0xEE, 0x07, 0xE0, 0x7E, 0x07, 0xE0,
  0x7E, 0x07, 0x70, 0xE7, 0xFE, 0x3F, 0xC0, 0xF0, 0x1C, 0x81, 0x38, 0x00,
  0x00, 0xF0, 0x3F, 0xC7, 0xFE, 0x70, 0xEE, 0x07, 0xE0, 0x7E, 0x07, 0xE0,
  0x7E, 0x07, 0x70, 0xE7, 0xFE, 0x3F, 0xC0, 0xF0, 0x19, 0x81, 0x98, 0x00,
  0x00, 0xF0, 0x3F, 0xC7, 0xFE, 0x70, 0xEE, 0x07, 0xE0, 0x7E, 0x07, 0xE0,
  0x7E, 0x07, 0x70, 0xE7, 0xFE, 0x3F, 0xC0, 0xF0, 0x42, 0xE7, 0x7E, 0x3C,
  0x3C, 0x7E, 0xE7, 0x42, 0x00, 0x08, 0x3F, 0x31, 0xFF, 0x8F, 0xFC, 0x38,
  0x79, 0xC3, 0xE7, 0x1B, 0x9C, 0xCE, 0x76, 0x39, 0xF0, 0xE7, 0x87, 0x0F,
  0xFC, 0x7F, 0xE3, 0x3F, 0x04, 0x00, 0x00, 0x1C, 0x01, 0x80, 0x18, 0x00,
  0x0E, 0x0F, 0xC1, 0xF8, 0x3F, 0x07, 0xE0, 0xFC, 0x1F, 0x83, 0xF0, 0x7E,
  0x0F, 0xE3, 0xDF, 0xF3, 0xFE, 0x1F, 0x00, 0x07, 0x00, 0xC0, 0x30, 0x00,
  0x0E, 0x0F, 0xC1, 0xF8, 0x3F, 0x07, 0xE0, 0xFC, 0x1F, 0x83, 0xF0, 0x7E,
  0x0F, 0xE3, 0xDF, 0xF3, 0xFE, 0x1F, 0x00, 0x0E, 0x03, 0x60, 0x00, 0x70,
  0x7E, 0x0F, 0xC1, 0xF8, 0x3F, 0x07, 0xE0, 0xFC, 0x1F, 0x83, 0xF0, 0x7F,
  0x1E, 0xFF, 0x9F, 0xF0, 0xF8, 0x19, 0x83, 0x30, 0x00, 0x70, 0x7E, 0x0F,
  0xC1, 0xF8, 0x3F, 0x07, 0xE0, 0xFC, 0x1F, 0x83, 0xF0, 0x7F, 0x1E, 0xFF,
  0x9F, 0xF0, 0xF8, 0x03, 0x80, 0x18, 0x01, 0x80, 0x00, 0x07, 0x07, 0x38,
  0x38, 0xE3, 0x83, 0xB8, 0x1D, 0xC0, 0x7C, 0x03, 0xE0, 0x0E, 0x00, 0x70,
  0x03, 0x80, 0x1C, 0x00, 0xE0, 0x07, 0x00, 0xE0, 0x38, 0x0F, 0xF3, 0xFE,
  0xFF, 0xF8, 0x7E, 0x1F, 0x87, 0xFF, 0xFF, 0xEF, 0xF3, 0x80, 0xE0, 0x00,
  0x3E, 0x1F, 0xCE, 0x73, 0x9C, 0xEE, 0x3B, 0x8E, 0xF3, 0x9E, 0xE3, 0xB8,
  0x7E, 0x9F, 0xFF, 0xEF, 0x00, 0x38, 0x0C, 0x03, 0x00, 0x03, 0xE3, 0xFB,
  0x1C, 0x1E, 0x3F, 0x3B, 0xB9, 0xDC, 0xEF, 0xF3, 0xDC, 0x0E, 0x06, 0x06,
  0x00, 0x03, 0xE3, 0xFB, 0x1C, 0x1E, 0x3F, 0x3B, 0xB9, 0xDC, 0xEF, 0xF3,
  0xDC, 0x1C, 0x1B, 0x00, 0x07, 0xC7, 0xF6, 0x38, 0x3C, 0x7E, 0x77, 0x73,
  0xB9, 0xDF, 0xE7, 0xB8, 0x72, 0x27, 0x00, 0x07, 0xC7, 0xF6, 0x38, 0x3C,
  0x7E, 0x77, 0x73, 0xB9, 0xDF, 0xE7, 0xB8, 0x66, 0x33, 0x00, 0x07, 0xC7,
  0xF6, 0x38, 0x3C, 0x7E, 0x77, 0x73, 0xB9, 0xDF, 0xE7, 0xB8, 0x18, 0x12,
  0x09, 0x03, 0x00, 0x01, 0xF1, 0xFD, 0x8E, 0x0F, 0x1F, 0x9D, 0xDC, 0xEE,
  0x77, 0xF9, 0xEE, 0x3C, 0xF1, 0xFF, 0xEC, 0x71, 0xC3, 0xC7, 0x1F, 0xFD,
  0xDF, 0xFE, 0x70, 0x39, 0xE7, 0xFF, 0xF9, 0xE3, 0xC0, 0x3C, 0x7E, 0xF7,
  0xE2, 0xE0, 0xE0, 0xE2, 0xF7, 0x7E, 0x3C, 0x3C, 0x0C, 0x78, 0x1C, 0x06,
  0x01, 0x80, 0x03, 0xE3, 0xFB, 0x8F, 0xC7, 0xFF, 0xFF, 0xF8, 0x1C, 0x77,
  0xF1, 0xF0, 0x0E, 0x06, 0x06, 0x00, 0x03, 0xE3, 0xFB, 0x8F, 0xC7, 0xFF,
  0xFF, 0xF8, 0x1C, 0x77, 0xF1, 0xF0, 0x1C, 0x1B, 0x00, 0x07, 0xC7, 0xF7,
  0x1F, 0x8F, 0xFF, 0xFF, 0xF0, 0x38, 0xEF, 0xE3, 0xE0, 0x33, 0x19, 0x80,
  0x07, 0xC7, 0xF7, 0x1F, 0x8F, 0xFF, 0xFF, 0xF0, 0x38, 0xEF, 0xE3, 0xE0,
  0xE6, 0x30, 0x77, 0x77, 0x77, 0x77, 0x77, 0x76, 0xC0, 0xEE, 0xEE, 0xEE,
  0xEE, 0xEE, 0x76, 0xC0, 0xE7, 0x39, 0xCE, 0x73, 0x9C, 0xE7, 0x00, 0xCF,
  0x30, 0x1C, 0x71, 0xC7, 0x1C, 0x71, 0xC7, 0x1C, 0x70, 0x1D, 0x07, 0x04,
  0xC3, 0xE7, 0xFB, 0xBF, 0x8F, 0xC7, 0xE3, 0xF1, 0xDD, 0xCF, 0xE3, 0xE0,
  0x39, 0x13, 0x80, 0x1D, 0xEF, 0xFF, 0x9F, 0x8F, 0xC7, 0xE3, 0xF1, 0xF8,
  0xFC, 0x7E, 0x38, 0x1C, 0x06, 0x01, 0x80, 0x03, 0xE3, 0xFB, 0xDF, 0xC7,
  0xE3, 0xF1, 0xF8, 0xFE, 0xF7, 0xF1, 0xF0, 0x0E, 0x06, 0x06, 0x00, 0x03,
  0xE3, 0xFB, 0xDF, 0xC7, 0xE3, 0xF1, 0xF8, 0xFE, 0xF7, 0xF1, 0xF0, 0x1C,
  0x1B, 0x00, 0x07, 0xC7, 0xF7, 0xBF, 0x8F, 0xC7, 0xE3, 0xF1, 0xFD, 0xEF,
  0xE3, 0xE0, 0x39, 0x13, 0x80, 0x07, 0xC7, 0xF7, 0xBF, 0x8F, 0xC7, 0xE3,
  0xF1, 0xFD, 0xEF, 0xE3, 0xE0, 0x33, 0x19, 0x80, 0x07, 0xC7, 0xF7, 0xBF,
  0x8F, 0xC7, 0xE3, 0xF1, 0xFD, 0xEF, 0xE3, 0xE0, 0x1C, 0x0E, 0x07, 0x00,
  0x0F, 0xFF, 0xFF, 0xFE, 0x00, 0x1C, 0x0E, 0x07, 0x00, 0x01, 0x1E, 0xDF,
  0xCE, 0xEE, 0x7F, 0x7F, 0xEF, 0xE7, 0x77, 0x3F, 0xB7, 0x88, 0x00, 0x38,
  0x0C, 0x03, 0x00, 0x0E, 0x3F, 0x1F, 0x8F, 0xC7, 0xE3, 0xF1, 0xF8, 0xFC,
  0xFF, 0xFB, 0xDC, 0x0E, 0x06, 0x06, 0x00, 0x0E, 0x3F, 0x1F, 0x8F, 0xC7,
  0xE3, 0xF1, 0xF8, 0xFC, 0xFF, 0xFB, 0xDC, 0x1C, 0x1B, 0x00, 0x1C, 0x7E,
  0x3F, 0x1F, 0x8F, 0xC7, 0xE3, 0xF1, 0xF9, 0xFF, 0xF7, 0xB8, 0x33, 0x19,
  0x80, 0x1C, 0x7E, 0x3F, 0x1F, 0x8F, 0xC7, 0xE3, 0xF1, 0xF9, 0xFF, 0xF7,
  0xB8, 0x07, 0x00, 0xC0, 0x30, 0x00, 0x0E, 0x0F, 0xC1, 0xDC, 0x73, 0x8E,
  0x31, 0x87, 0x70, 0x6E, 0x0F, 0x81, 0xF0, 0x1C, 0x03, 0x80, 0xE0, 0x7C,
  0x0F, 0x00, 0xE0, 0x70, 0x38, 0x1D, 0xCF, 0xF7, 0xBF, 0x8F, 0xC7, 0xE3,
  0xF1, 0xFD, 0xFF, 0xEE, 0xE7, 0x03, 0x81, 0xC0, 0xE0, 0x00, 0x19, 0x83,
  0x30, 0x00, 0x70, 0x7E, 0x0E, 0xE3, 0x9C, 0x71, 0x8C, 0x3B, 0x83, 0x70,
  0x7C, 0x0F, 0x80, 0xE0, 0x1C, 0x07, 0x03, 0xE0, 0x78, 0x00, 0x08, 0x80,
  0x70, 0x00, 0x00, 0xF8, 0x3F, 0xE7, 0xFE, 0x70, 0xFE, 0x06, 0xE0, 0x0E,
  0x3F, 0xE3, 0xFE, 0x3F, 0x70, 0x77, 0xFF, 0x3F, 0xE0, 0xF8, 0x22, 0x0E,
  0x00, 0x07, 0x77, 0xFF, 0xBF, 0x8F, 0xC7, 0xE3, 0xF1, 0xFD, 0xEF, 0xF3,
  0xB8, 0x1F, 0x8F, 0xFE, 0x7E, 0x00, 0xFF, 0x8F, 0xFF, 0xFF, 0xFF, 0xFF,
  0xE0, 0xFF, 0xFF, 0xFF, 0xFC, 0x3F, 0x1F, 0xEF, 0xFF, 0x87, 0xE0, 0x3F,
  0x87, 0xF8, 0x7F, 0x01, 0xF8, 0x7F, 0xFD, 0xFE, 0x3F, 0x07, 0x80, 0x60,
  0xF0, 0x7E, 0xFF, 0xE7, 0xF0, 0x7C, 0x3E, 0x0F, 0xE7, 0xFF, 0x7E, 0x1E,
  0x06, 0x3C,
};
const GFXglyph TrSans9Glyphs[] PROGMEM = {
  { 0, 1, 1, 5, 0, 0 },
  { 1, 3, 13, 5, 1, -12 },
  { 6, 7, 5, 9, 1, -12 },
  { 11, 11, 13, 10, 0, -12 },
  { 29, 9, 16, 10, 0, -13 },
  { 47, 15, 14, 17, 1, -12 },
  { 74, 12, 13, 13, 1, -12 },
  { 94, 3, 5, 4, 1, -12 },
  { 96, 4, 17, 6, 1, -12 },
  { 105, 4, 17, 6, 1, -12 },
  { 114, 6, 6, 7, 0, -12 },
  { 119, 9, 9, 11, 1, -10 },
  { 130, 3, 6, 5, 1, -2 },
  { 133, 5, 3, 6, 1, -5 },
  { 135, 3, 3, 5, 1, -2 },
  { 137, 5, 13, 5, 0, -12 },
  { 146, 8, 13, 10, 1, -12 },
  { 159, 6, 13, 10, 1, -12 },
  { 169, 8, 13, 10, 1, -12 },
  { 182, 8, 13, 10, 1, -12 },
  { 195, 10, 13, 10, 0, -12 },
  { 212, 8, 13, 10, 1, -12 },
  { 225, 8, 13, 10, 1, -12 },
  { 238, 8, 13, 10, 1, -12 },
  { 251, 8, 13, 10, 1, -12 },
  { 264, 8, 13, 10, 1, -12 },
  { 277, 3, 10, 7, 2, -9 },
  { 281, 3, 13, 7, 2, -9 },
  { 286, 9, 10, 11, 1, -10 },
  { 298, 9, 8, 11, 1, -9 },
  { 307, 9, 10, 11, 1, -10 },
  { 319, 9, 13, 11, 1, -12 },
  { 334, 17, 17, 18, 1, -12 },
  { 371, 13, 13, 13, 0, -12 },
  { 393, 11, 13, 13, 1, -12 },
  { 411, 11, 13, 13, 1, -12 },
  { 429, 11, 13, 13, 1, -12 },
  { 447, 10, 13, 12, 1, -12 },
  { 464, 9, 13, 11, 1, -12 },
  { 479, 12, 13, 14, 1, -12 },
  { 499, 11, 13, 13, 1, -12 },
  { 517, 3, 13, 5, 1, -12 },
  { 522, 9, 13, 10, 0, -12 },
  { 537, 12, 13, 13, 1, -12 },
  { 557, 9, 13, 11, 1, -12 },
  { 572, 13, 13, 15, 1, -12 },
  { 594, 11, 13, 13, 1, -12 },
  { 612, 12, 13, 14, 1, -12 },
  { 632, 10, 13, 12, 1, -12 },
  { 649, 12, 14, 14, 1, -12 },
  { 670, 12, 13, 13, 1, -12 },
  { 690, 10, 13, 12, 1, -12 },
  { 707, 11, 13, 11, 0, -12 },
  { 725, 11, 13, 13, 1, -12 },
  { 743, 13, 13, 13, 0, -12 },
  { 765, 17, 13, 17, 0, -12 },
  { 793, 12, 13, 12, 0, -12 },
  { 813, 13, 13, 13, 0, -12 },
  { 835, 10, 13, 10, 0, -12 },
  { 852, 5, 17, 6, 1, -12 },
  { 863, 5, 13, 5, 0, -12 },
  { 872, 5, 17, 6, 0, -12 },
  { 883, 9, 7, 11, 1, -12 },
  { 891, 10, 2, 10, 0, 3 },
  { 894, 4, 3, 6, 0, -12 },
  { 896, 9, 10, 10, 1, -9 },
  { 908, 9, 13, 11, 1, -12 },
  { 923, 8, 10, 10, 1, -9 },
  { 933, 9, 13, 11, 1, -12 },
  { 948, 9, 10, 11, 1, -9 },
  { 960, 7, 13, 6, 0, -12 },
  { 972, 9, 14, 11, 1, -9 },
  { 988, 9, 13, 11, 1, -12 },
  { 1003, 3, 13, 5, 1, -12 },
  { 1008, 5, 17, 5, -1, -12 },
  { 1019, 9, 13, 10, 1, -12 },
  { 1034, 3, 13, 5, 1, -12 },
  { 1039, 15, 10, 17, 1, -9 },
  { 1058, 9, 10, 11, 1, -9 },
  { 1070, 9, 10, 11, 1, -9 },
  { 1082, 9, 14, 11, 1, -9 },
  { 1098, 9, 14, 11, 1, -9 },
  { 1114, 6, 10, 7, 1, -9 },
  { 1122, 8, 10, 10, 1, -9 },
  { 1132, 6, 13, 6, 0, -12 },
  { 1142, 9, 10, 11, 1, -9 },
  { 1154, 11, 10, 11, 0, -9 },
  { 1168, 15, 10, 15, 0, -9 },
  { 1187, 11, 10, 11, 0, -9 },
  { 1201, 11, 14, 11, 0, -9 },
  { 1221, 7, 10, 9, 1, -9 },
  { 1230, 6, 17, 7, 1, -12 },
  { 1243, 2, 17, 4, 1, -12 },
  { 1248, 6, 17, 7, 0, -12 },
  { 1261, 10, 4, 11, 0, -8 },
  { 1266, 10, 12, 14, 2, -11 },
  { 1281, 10, 12, 14, 2, -11 },
  { 1296, 10, 12, 14, 2, -11 },
  { 1311, 10, 12, 14, 2, -11 },
  { 1326, 10, 12, 14, 2, -11 },
  { 1341, 10, 12, 14, 2, -11 },
  { 1356, 10, 12, 14, 2, -11 },
  { 1371, 10, 12, 14, 2, -11 },
  { 1386, 10, 12, 14, 2, -11 },
  { 1401, 10, 12, 14, 2, -11 },
  { 1416, 10, 12, 14, 2, -11 },
  { 1431, 10, 12, 14, 2, -11 },
  { 1446, 10, 12, 14, 2, -11 },
  { 1461, 10, 12, 14, 2, -11 },
  { 1476, 10, 12, 14, 2, -11 },
  { 1491, 10, 12, 14, 2, -11 },
  { 1506, 10, 12, 14, 2, -11 },
  { 1521, 10, 12, 14, 2, -11 },
  { 1536, 10, 12, 14, 2, -11 },
  { 1551, 10, 12, 14, 2, -11 },
  { 1566, 10, 12, 14, 2, -11 },
  { 1581, 10, 12, 14, 2, -11 },
  { 1596, 10, 12, 14, 2, -11 },
  { 1611, 10, 12, 14, 2, -11 },
  { 1626, 10, 12, 14, 2, -11 },
  { 1641, 10, 12, 14, 2, -11 },
  { 1656, 10, 12, 14, 2, -11 },
  { 1671, 10, 12, 14, 2, -11 },
  { 1686, 10, 12, 14, 2, -11 },
  { 1701, 10, 12, 14, 2, -11 },
  { 1716, 10, 12, 14, 2, -11 },
  { 1731, 10, 12, 14, 2, -11 },
  { 1746, 10, 12, 14, 2, -11 },
  { 1761, 1, 1, 5, 0, 0 },
  { 1762, 3, 14, 5, 1, -9 },
  { 1768, 9, 17, 10, 1, -12 },
  { 1788, 10, 13, 10, 0, -12 },
  { 1805, 10, 10, 10, 0, -10 },
  { 1818, 11, 13, 10, 0, -12 },
  { 1836, 2, 17, 4, 1, -12 },
  { 1841, 9, 17, 10, 0, -12 },
  { 1861, 6, 2, 6, 0, -12 },
  { 1863, 13, 13, 13, 0, -12 },
  { 1885, 6, 7, 7, 0, -12 },
  { 1891, 9, 8, 10, 0, -8 },
  { 1900, 9, 7, 11, 1, -9 },
  { 1908, 5, 3, 6, 1, -5 },
  { 1910, 13, 13, 13, 0, -12 },
  { 1932, 10, 2, 10, 0, -15 },
  { 1935, 5, 5, 7, 1, -12 },
  { 1939, 9, 13, 10, 1, -12 },
  { 1954, 5, 7, 6, 0, -12 },
  { 1959, 5, 7, 6, 0, -12 },
  { 1964, 4, 3, 6, 2, -12 },
  { 1966, 8, 14, 10, 1, -9 },
  { 1980, 10, 16, 10, 0, -12 },
  { 2000, 3, 3, 6, 2, -7 },
  { 2002, 5, 3, 6, 0, 1 },
  { 2004, 4, 7, 6, 0, -12 },
  { 2008, 6, 7, 7, 1, -12 },
  { 2014, 9, 8, 10, 1, -8 },
  { 2023, 14, 13, 15, 1, -12 },
  { 2046, 14, 13, 15, 0, -12 },
  { 2069, 15, 13, 15, 0, -12 },
  { 2094, 9, 14, 11, 1, -9 },
  { 3286, 12, 16, 14, 1, -15 },
  { 2138, 13, 17, 13, 0, -16 },
  { 2166, 13, 16, 13, 0, -15 },
  { 2192, 13, 16, 13, 0, -15 },
  { 2218, 13, 16, 13, 0, -15 },
  { 2244, 13, 16, 13, 0, -15 },
  { 2270, 18, 13, 18, -1, -12 },
  { 2300, 11, 16, 13, 1, -12 },
  { 2322, 10, 17, 12, 1, -16 },
  { 2344, 10, 17, 12, 1, -16 },
  { 2366, 10, 16, 12, 1, -15 },
  { 2386, 10, 16, 12, 1, -15 },
  { 3330, 3, 17, 5, 1, -16 },
  { 2415, 4, 17, 5, 1, -16 },
  { 2424, 5, 16, 5, 0, -15 },
  { 2434, 6, 16, 5, 0, -15 },
  { 2446, 12, 13, 13, 0, -12 },
  { 2466, 11, 16, 13, 1, -15 },
  { 2488, 12, 17, 14, 1, -16 },
  { 2514, 12, 17, 14, 1, -16 },
  { 2540, 12, 16, 14, 1, -15 },
  { 2564, 12, 16, 14, 1, -15 },
  { 2588, 12, 16, 14, 1, -15 },
  { 2612, 8, 8, 11, 1, -9 },
  { 2620, 14, 15, 14, 0, -13 },
  { 2647, 11, 17, 13, 1, -16 },
  { 2671, 11, 17, 13, 1, -16 },
  { 2695, 11, 16, 13, 1, -15 },
  { 2717, 11, 16, 13, 1, -15 },
  { 2739, 13, 17, 13, 0, -16 },
  { 3341, 10, 16, 12, 1, -12 },
  { 2784, 10, 13, 12, 1, -12 },
  { 3310, 9, 17, 11, 1, -12 },
  { 2817, 9, 14, 10, 1, -13 },
  { 2833, 9, 13, 10, 1, -12 },
  { 2848, 9, 13, 10, 1, -12 },
  { 2863, 9, 13, 10, 1, -12 },
  { 2878, 9, 15, 10, 1, -14 },
  { 2895, 14, 10, 16, 1, -9 },
  { 2913, 8, 13, 10, 1, -9 },
  { 2926, 9, 14, 11, 1, -13 },
  { 2942, 9, 14, 11, 1, -13 },
  { 2958, 9, 13, 11, 1, -12 },
  { 2973, 9, 13, 11, 1, -12 },
  { 3337, 3, 10, 5, 1, -9 },
  { 2995, 4, 14, 5, 1, -13 },
  { 3002, 5, 13, 5, 0, -12 },
  { 3011, 6, 13, 5, 0, -12 },
  { 3021, 9, 13, 11, 1, -12 },
  { 3036, 9, 13, 11, 1, -12 },
  { 3051, 9, 14, 11, 1, -13 },
  { 3067, 9, 14, 11, 1, -13 },
  { 3083, 9, 13, 11, 1, -12 },
  { 3098, 9, 13, 11, 1, -12 },
  { 3113, 9, 13, 11, 1, -12 },
  { 3128, 9, 11, 10, 0, -11 },
  { 3141, 9, 12, 11, 1, -10 },
  { 3155, 9, 14, 11, 1, -13 },
  { 3171, 9, 14, 11, 1, -13 },
  { 3187, 9, 13, 11, 1, -12 },
  { 3202, 9, 13, 11, 1, -12 },
  { 3217, 11, 18, 11, 0, -13 },
  { 3361, 8, 13, 10, 1, -9 },
  { 3262, 11, 17, 11, 0, -12 },
};
const GFXfont TrSans9 PROGMEM = {(uint8_t *)TrSans9Bitmaps, (GFXglyph *)TrSans9Glyphs, 0x20, 0xFF, 20};

// Türkçe glifli GFX fontu — TrSans11. üretildi, elle yazılmadı — `apps/turnstile/FONTS.md`.
const uint8_t TrSans11Bitmaps[] PROGMEM = {
  0x00, 0xFF, 0xFF, 0xFF, 0xFD, 0x21, 0xFF, 0xE7, 0xE7, 0xE7, 0xE7, 0xE7,
  0xE7, 0x0C, 0x60, 0xC6, 0x0C, 0x61, 0x8C, 0x18, 0xCF, 0xFF, 0xFF, 0xF1,
  0x8C, 0x31, 0x83, 0x18, 0xFF, 0xFF, 0xFF, 0x31, 0x87, 0x38, 0x63, 0x06,
  0x30, 0x0C, 0x0F, 0xC7, 0xFB, 0xB7, 0xED, 0xFB, 0x0E, 0xC3, 0xF0, 0x7F,
  0x0F, 0xE0, 0xFC, 0x37, 0x0D, 0xFB, 0x7E, 0xDD, 0xFE, 0x3F, 0x03, 0x00,
  0xC0, 0x78, 0x18, 0x78, 0x38, 0xCC, 0x30, 0xCC, 0x70, 0xCC, 0x60, 0xCC,
  0xE0, 0xCC, 0xC0, 0x78, 0xC0, 0x79, 0x9E, 0x01, 0x9E, 0x03, 0x33, 0x03,
  0x33, 0x06, 0x33, 0x06, 0x33, 0x0C, 0x33, 0x0C, 0x1E, 0x18, 0x1E, 0x0F,
  0x80, 0x3F, 0x80, 0xE3, 0x81, 0xC7, 0x03, 0xCE, 0x03, 0xF8, 0x07, 0xE0,
  0x1F, 0x80, 0x7F, 0x80, 0xE7, 0xBB, 0x8F, 0xE7, 0x0F, 0xCE, 0x0F, 0x0E,
  0x3F, 0x9F, 0xFF, 0x8F, 0xC6, 0xFF, 0xFF, 0xC0, 0x19, 0x8C, 0xE7, 0x33,
  0x9C, 0xE7, 0x39, 0xCE, 0x71, 0x8E, 0x71, 0x8C, 0x30, 0xC3, 0x18, 0xE7,
  0x18, 0xE7, 0x39, 0xCE, 0x73, 0x9C, 0xCE, 0x73, 0x19, 0x80, 0x18, 0x18,
  0xDB, 0xFF, 0x1C, 0x3C, 0x66, 0x24, 0x0E, 0x01, 0xC0, 0x38, 0x07, 0x0F,
  0xFF, 0xFF, 0xFF, 0xF8, 0x70, 0x0E, 0x01, 0xC0, 0x38, 0x00, 0xFF, 0xB7,
  0xA0, 0xFF, 0xFF, 0xF8, 0xFF, 0x80, 0x0C, 0x31, 0x86, 0x18, 0x63, 0x0C,
  0x30, 0xC6, 0x18, 0x61, 0x8C, 0x30, 0x1E, 0x1F, 0xE7, 0x3B, 0x87, 0xE1,
  0xF8, 0x7E, 0x1F, 0x87, 0xE1, 0xF8, 0x7E, 0x1F, 0x87, 0xE1, 0xDC, 0xE7,
  0xF8, 0x78, 0x0E, 0x1C, 0x7B, 0xFF, 0xFD, 0xE3, 0x87, 0x0E, 0x1C, 0x38,
  0x70, 0xE1, 0xC3, 0x87, 0x3F, 0x1F, 0xEF, 0x3F, 0x87, 0x01, 0xC0, 0x70,
  0x38, 0x1E, 0x0F, 0x03, 0x81, 0xC0, 0xF0, 0x78, 0x1C, 0x0F, 0xFF, 0xFF,
  0x1E, 0x1F, 0xC7, 0x3B, 0x8E, 0x03, 0x81, 0xE0, 0xF0, 0x3C, 0x03, 0x80,
  0x70, 0x1C, 0x07, 0xE1, 0xFC, 0xE7, 0xF8, 0xF8, 0x03, 0x80, 0x70, 0x1E,
  0x07, 0xC0, 0xF8, 0x37, 0x06, 0xE1, 0x9C, 0x73, 0x8C, 0x73, 0x0E, 0x7F,
  0xFF, 0xFE, 0x07, 0x00, 0xE0, 0x1C, 0x3F, 0x8F, 0xE3, 0x81, 0xC0, 0x70,
  0x1F, 0xCF, 0xFB, 0x8E, 0x01, 0xC0, 0x70, 0x1C, 0x07, 0xE1, 0xFC, 0xE7,
  0xF0, 0xF8, 0x1F, 0x1F, 0xE7, 0x3F, 0x87, 0xE0, 0x38, 0x0E, 0xF3, 0xFE,
  0xF3, 0xB8, 0x7E, 0x1F, 0x87, 0xE1, 0xDC, 0xE7, 0xF8, 0x78, 0xFF, 0xFF,
  0xF0, 0x1C, 0x0E, 0x07, 0x01, 0xC0, 0xE0, 0x38, 0x1C, 0x07, 0x01, 0xC0,
  0x70, 0x38, 0x0E, 0x03, 0x80, 0xE0, 0x1E, 0x1F, 0xEF, 0x3F, 0x87, 0xE1,
  0xF8, 0x77, 0x38, 0xFC, 0x3F, 0x1C, 0xEE, 0x1F, 0x87, 0xE1, 0xFC, 0xF7,
  0xF8, 0x7C, 0x1E, 0x1F, 0xE7, 0x3B, 0x87, 0xE1, 0xF8, 0x7E, 0x1D, 0xCF,
  0x7F, 0xCF, 0x70, 0x1C, 0x07, 0xE1, 0xFC, 0xE7, 0xF8, 0xF8, 0xFF, 0x80,
  0x00, 0x1F, 0xF0, 0xFF, 0x80, 0x00, 0x1F, 0xF6, 0xF4, 0x00, 0x20, 0x3C,
  0x1F, 0x8F, 0xEF, 0xE1, 0xF0, 0x3E, 0x07, 0xF0, 0x1F, 0xC0, 0xFC, 0x07,
  0x80, 0x10, 0xFF, 0xFF, 0xFF, 0xFF, 0x80, 0x00, 0x01, 0xFF, 0xFF, 0xFF,
  0xFF, 0x80, 0x1E, 0x03, 0xF0, 0x3F, 0x80, 0xFE, 0x07, 0xC0, 0xF8, 0x7F,
  0x7F, 0x1F, 0x83, 0xC0, 0x40, 0x00, 0x1F, 0x0F, 0xFB, 0xC7, 0x70, 0x70,
  0x0E, 0x01, 0xC0, 0x70, 0x1E, 0x07, 0x81, 0xE0, 0x38, 0x07, 0x00, 0x00,
  0x1C, 0x03, 0x80, 0x70, 0x01, 0xFC, 0x00, 0x7F, 0xF0, 0x1E, 0x07, 0x83,
  0x80, 0x1C, 0x31, 0xDE, 0xC7, 0x3F, 0xCE, 0x67, 0xFC, 0x6E, 0x73, 0xC6,
  0xCE, 0x3C, 0x6C, 0xE3, 0xC6, 0xCE, 0x38, 0x6C, 0xE3, 0x8C, 0xCE, 0x78,
  0xCC, 0xFF, 0x98, 0x67, 0xFF, 0x06, 0x33, 0xC0, 0x70, 0x00, 0x73, 0x80,
  0x0E, 0x1E, 0x03, 0xC0, 0xFF, 0xF8, 0x01, 0xFE, 0x00, 0x07, 0xC0, 0x0F,
  0x80, 0x1F, 0x00, 0x77, 0x00, 0xEE, 0x01, 0xDC, 0x07, 0x1C, 0x0E, 0x38,
  0x1C, 0x70, 0x7F, 0xF0, 0xFF, 0xE1, 0xFF, 0xC7, 0x01, 0xCE, 0x03, 0x9C,
  0x07, 0x70, 0x07, 0xFF, 0xC7, 0xFF, 0x3F, 0xFD, 0xC0, 0xEE, 0x07, 0x70,
  0x3B, 0xFF, 0x9F, 0xFC, 0xFF, 0xF7, 0x03, 0xF8, 0x0F, 0xC0, 0x7E, 0x07,
  0xFF, 0xFB, 0xFF, 0xDF, 0xFC, 0x07, 0xC0, 0x7F, 0xC3, 0xFF, 0x9E, 0x0F,
  0x70, 0x1B, 0x80, 0x0E, 0x00, 0x38, 0x00, 0xE0, 0x03, 0x80, 0x0E, 0x00,
  0x1C, 0x06, 0x78, 0x3C, 0xFF, 0xE1, 0xFF, 0x03, 0xF0, 0xFF, 0x87, 0xFF,
  0x3F, 0xFD, 0xC1, 0xEE, 0x07, 0xF0, 0x1F, 0x80, 0xFC, 0x07, 0xE0, 0x3F,
  0x01, 0xF8, 0x0F, 0xC0, 0xFE, 0x0F, 0x7F, 0xFB, 0xFF, 0x9F, 0xF0, 0xFF,
  0xFF, 0xFF, 0xFF, 0xFE, 0x00, 0xE0, 0x0E, 0x00, 0xFF, 0xEF, 0xFE, 0xFF,
  0xEE, 0x00, 0xE0, 0x0E, 0x00, 0xE0, 0x0F, 0xFF, 0xFF, 0xFF, 0xFF, 0xFF,
  0xFF, 0xFF, 0xFF, 0x80, 0xE0, 0x38, 0x0F, 0xFB, 0xFE, 0xFF, 0xB8, 0x0E,
  0x03, 0x80, 0xE0, 0x38, 0x0E, 0x03, 0x80, 0x07, 0xE0, 0x3F, 0xF0, 0xFF,
  0xF3, 0xC0, 0xF7, 0x00, 0xDC, 0x00, 0x38, 0x00, 0x70, 0x7F, 0xE0, 0xFF,
  0xC1, 0xFF, 0xC0, 0x3B, 0x80, 0x77, 0xC1, 0xE7, 0xFF, 0xC7, 0xFE, 0x03,
  0xF0, 0xE0, 0x7E, 0x07, 0xE0, 0x7E, 0x07, 0xE0, 0x7E, 0x07, 0xFF, 0xFF,
  0xFF, 0xFF, 0xFE, 0x07, 0xE0, 0x7E, 0x07, 0xE0, 0x7E, 0x07, 0xE0, 0x7E,
  0x07, 0xFF, 0xFF, 0xFF, 0xFF, 0xFF, 0xFF, 0x01, 0xC0, 0x70, 0x1C, 0x07,
  0x01, 0xC0, 0x70, 0x1C, 0x07, 0x01, 0xC0, 0x7E, 0x1F, 0x87, 0xF3, 0xDF,
  0xE7, 0xF8, 0x78, 0xE0, 0x7B, 0x83, 0xCE, 0x1E, 0x38, 0xF0, 0xE3, 0x83,
  0x9C, 0x0E, 0xF0, 0x3F, 0xC0, 0xFF, 0x83, 0xEE, 0x0F, 0x1C, 0x38, 0x78,
  0xE0, 0xE3, 0x81, 0xCE, 0x07, 0xB8, 0x0E, 0xE0, 0x38, 0x0E, 0x03, 0x80,
  0xE0, 0x38, 0x0E, 0x03, 0x80, 0xE0, 0x38, 0x0E, 0x03, 0x80, 0xE0, 0x3F,
  0xFF, 0xFF, 0xFF, 0xF8, 0x3F, 0xF0, 0x7F, 0xF1, 0xFF, 0x63, 0x7E, 0xC6,
  0xFD, 0x8D, 0xFB, 0xBB, 0xF7, 0x77, 0xEE, 0xEF, 0xCD, 0x9F, 0x9B, 0x3F,
  0x3E, 0x7E, 0x7C, 0xFC, 0xF9, 0xF8, 0xE3, 0xF1, 0xC7, 0xE0, 0x7F, 0x07,
  0xF8, 0x7F, 0x87, 0xFC, 0x7F, 0xC7, 0xEE, 0x7E, 0xE7, 0xE7, 0x7E, 0x77,
  0xE3, 0xFE, 0x3F, 0xE1, 0xFE, 0x1F, 0xE0, 0xFE, 0x07, 0x0F, 0xC0, 0x3F,
  0xE0, 0xFF, 0xE3, 0xC1, 0xE7, 0x01, 0xDC, 0x01, 0xF8, 0x03, 0xF0, 0x07,
  0xE0, 0x0F, 0xC0, 0x1F, 0x80, 0x3B, 0x80, 0xE7, 0x83, 0xC7, 0xFF, 0x07,
  0xFC, 0x07, 0xF0, 0xFF, 0x8F, 0xFE, 0xFF, 0xEE, 0x0F, 0xE0, 0x7E, 0x07,
  0xE0, 0xFF, 0xFE, 0xFF, 0xEF, 0xF8, 0xE0, 0x0E, 0x00, 0xE0, 0x0E, 0x00,
  0xE0, 0x0E, 0x00, 0x0F, 0xE0, 0x1F, 0xF0, 0x3F, 0xF8, 0x78, 0x3C, 0x70,
  0x1C, 0xE0, 0x0E, 0xE0, 0x0E, 0xE0, 0x0E, 0xE0, 0x0E, 0xE0, 0x0E, 0xE0,
  0x8E, 0x71, 0xDE, 0x78, 0xFC, 0x3F, 0xFC, 0x1F, 0xFE, 0x07, 0xEF, 0x00,
  0x06, 0xFF, 0xC7, 0xFF, 0x3F, 0xFD, 0xC0, 0xEE, 0x07, 0x70, 0x3B, 0xFF,
  0x9F, 0xFC, 0xFF, 0x87, 0x1C, 0x38, 0xF1, 0xC3, 0xCE, 0x0E, 0x70, 0x7B,
  0x81, 0xDC, 0x0F, 0x0F, 0xC1, 0xFF, 0x9F, 0xFC, 0xF0, 0xF7, 0x03, 0xBC,
  0x00, 0xFE, 0x03, 0xFC, 0x07, 0xF0, 0x03, 0xF8, 0x0F, 0xE0, 0x77, 0x87,
  0xBF, 0xF8, 0xFF, 0xC1, 0xF8, 0xFF, 0xFF, 0xFF, 0xFF, 0xFE, 0x0E, 0x00,
  0x70, 0x03, 0x80, 0x1C, 0x00, 0xE0, 0x07, 0x00, 0x38, 0x01, 0xC0, 0x0E,
  0x00, 0x70, 0x03, 0x80, 0x1C, 0x00, 0xE0, 0xE0, 0x7E, 0x07, 0xE0, 0x7E,
  0x07, 0xE0, 0x7E, 0x07, 0xE0, 0x7E, 0x07, 0xE0, 0x7E, 0x07, 0xE0, 0x7E,
  0x07, 0xF0, 0xF7, 0xFE, 0x7F, 0xE1, 0xF8, 0xE0, 0x0F, 0xC0, 0x1D, 0xC0,
  0x73, 0x80, 0xE7, 0x83, 0xC7, 0x07, 0x0E, 0x0E, 0x0E, 0x38, 0x1C, 0x70,
  0x3D, 0xE0, 0x3B, 0x80, 0x77, 0x00, 0xFE, 0x00, 0xF8, 0x01, 0xF0, 0x01,
  0xC0, 0xE0, 0x70, 0x3F, 0x03, 0x81, 0xDC, 0x3E, 0x1C, 0xE1, 0xF0, 0xE7,
  0x0D, 0x87, 0x38, 0xEE, 0x38, 0xE7, 0x71, 0x87, 0x31, 0x9C, 0x3B, 0x8E,
  0xE1, 0xDC, 0x77, 0x06, 0xE3, 0xB0, 0x3E, 0x0F, 0x81, 0xF0, 0x7C, 0x0F,
  0x83, 0xE0, 0x38, 0x0E, 0x01, 0xC0, 0x70, 0x38, 0x38, 0x78, 0xF0, 0x71,
  0xC0, 0x77, 0x00, 0xEE, 0x00, 0xF8, 0x01, 0xF0, 0x01, 0xC0, 0x07, 0xC0,
  0x1F, 0xC0, 0x3B, 0x80, 0xF7, 0x81, 0xC7, 0x07, 0x07, 0x1E, 0x0F, 0x38,
  0x0E, 0x70, 0x1C, 0xF0, 0x78, 0xE0, 0xE0, 0xE3, 0x81, 0xC7, 0x01, 0xDC,
  0x03, 0xB8, 0x03, 0xE0, 0x03, 0x80, 0x07, 0x00, 0x0E, 0x00, 0x1C, 0x00,
  0x38, 0x00, 0x70, 0x00, 0xE0, 0x01, 0xC0, 0x7F, 0xF7, 0xFF, 0x7F, 0xF0,
  0x1E, 0x03, 0xC0, 0x38, 0x07, 0x80, 0xF0, 0x1E, 0x01, 0xC0, 0x3C, 0x07,
  0x80, 0xF0, 0x0F, 0xFF, 0xFF, 0xFF, 0xFF, 0xFF, 0xFF, 0xF8, 0xE3, 0x8E,
  0x38, 0xE3, 0x8E, 0x38, 0xE3, 0x8E, 0x38, 0xE3, 0xFF, 0xFF, 0xC3, 0x06,
  0x18, 0x61, 0x83, 0x0C, 0x30, 0xC1, 0x86, 0x18, 0x60, 0xC3, 0xFF, 0xFF,
  0xC7, 0x1C, 0x71, 0xC7, 0x1C, 0x71, 0xC7, 0x1C, 0x71, 0xC7, 0x1F, 0xFF,
  0xFF, 0x0E, 0x01, 0xC0, 0x7C, 0x0D, 0x83, 0xB8, 0x77, 0x1C, 0x73, 0x8E,
  0xE0, 0xE0, 0xFF, 0xFF, 0xFF, 0xE3, 0x8E, 0x3F, 0x0F, 0xF3, 0x07, 0x00,
  0xE0, 0x7C, 0x7F, 0x9E, 0x77, 0x0E, 0xE1, 0xDC, 0x79, 0xFF, 0x1E, 0x70,
  0xE0, 0x1C, 0x03, 0x80, 0x70, 0x0E, 0xF1, 0xFF, 0xBC, 0x77, 0x07, 0xE0,
  0xFC, 0x1F, 0x83, 0xF0, 0x7E, 0x0F, 0xE3, 0xBF, 0xF7, 0x78, 0x1E, 0x1F,
  0xE7, 0x3B, 0x87, 0xE0, 0x38, 0x0E, 0x03, 0x80, 0xE1, 0xDC, 0xE7, 0xF8,
  0x78, 0x00, 0xE0, 0x1C, 0x03, 0x80, 0x71, 0xEE, 0xFF, 0xDC, 0x7F, 0x07,
  0xE0, 0xFC, 0x1F, 0x83, 0xF0, 0x7E, 0x0E, 0xE3, 0xDF, 0xF8, 0xF7, 0x1E,
  0x1F, 0xE7, 0x3B, 0x87, 0xE1, 0xFF, 0xFF, 0xFF, 0x80, 0xE1, 0xDC, 0xE7,
  0xF8, 0x78, 0x1F, 0x3F, 0x38, 0x38, 0xFE, 0xFE, 0x38, 0x38, 0x38, 0x38,
  0x38, 0x38, 0x38, 0x38, 0x38, 0x38, 0x1E, 0xEF, 0xFD, 0xC7, 0xF0, 0x7E,
  0x0F, 0xC1, 0xF8, 0x3F, 0x07, 0xE0, 0xEE, 0x3D, 0xFF, 0x8F, 0x70, 0x0F,
  0xC3, 0xFF, 0xF1, 0xFC, 0xE0, 0x1C, 0x03, 0x80, 0x70, 0x0E, 0xF9, 0xFF,
  0xBC, 0x7F, 0x07, 0xE0, 0xFC, 0x1F, 0x83, 0xF0, 0x7E, 0x0F, 0xC1, 0xF8,
  0x3F, 0x07, 0xFF, 0x8F, 0xFF, 0xFF, 0xFF, 0xFF, 0x1C, 0x71, 0xC0, 0x1C,
  0x71, 0xC7, 0x1C, 0x71, 0xC7, 0x1C, 0x71, 0xC7, 0x1C, 0x7F, 0xFE, 0xE0,
  0x1C, 0x03, 0x80, 0x70, 0x0E, 0x1D, 0xC7, 0x39, 0xC7, 0x70, 0xFE, 0x1F,
  0xC3, 0xDC, 0x73, 0x8E, 0x39, 0xC7, 0x38, 0x77, 0x0E, 0xFF, 0xFF, 0xFF,
  0xFF, 0xFF, 0xFF, 0xEF, 0x9E, 0x7F, 0xFF, 0xBC, 0x78, 0xFC, 0x38, 0x7E,
  0x1C, 0x3F, 0x0E, 0x1F, 0x87, 0x0F, 0xC3, 0x87, 0xE1, 0xC3, 0xF0, 0xE1,
  0xF8, 0x70, 0xFC, 0x38, 0x70, 0xE7, 0x9F, 0xFB, 0xC7, 0xF0, 0x7E, 0x0F,
  0xC1, 0xF8, 0x3F, 0x07, 0xE0, 0xFC, 0x1F, 0x83, 0xF0, 0x70, 0x1F, 0x0F,
  0xF9, 0xC7, 0x70, 0x7E, 0x0F, 0xC1, 0xF8, 0x3F, 0x07, 0xE0, 0xEE, 0x39,
  0xFF, 0x0F, 0x80, 0xEF, 0x1F, 0xFB, 0xC7, 0x70, 0x7E, 0x0F, 0xC1, 0xF8,
  0x3F, 0x07, 0xE0, 0xFE, 0x3B, 0xFF, 0x77, 0x8E, 0x01, 0xC0, 0x38, 0x07,
  0x00, 0x1E, 0xEF, 0xFD, 0xC7, 0xF0, 0x7E, 0x0F, 0xC1, 0xF8, 0x3F, 0x07,
  0xE0, 0xEE, 0x3D, 0xFF, 0x8F, 0x70, 0x0E, 0x01, 0xC0, 0x38, 0x07, 0xEF,
  0xFF, 0xC7, 0x0E, 0x1C, 0x38, 0x70, 0xE1, 0xC3, 0x87, 0x00, 0x3F, 0x1F,
  0xEE, 0x1F, 0x80, 0xF8, 0x1F, 0xC3, 0xF8, 0x1F, 0x01, 0xF8, 0x77, 0xF8,
  0xFC, 0x10, 0xC7, 0x1C, 0xFF, 0xF7, 0x1C, 0x71, 0xC7, 0x1C, 0x71, 0xC7,
  0xCF, 0xE0, 0xFC, 0x1F, 0x83, 0xF0, 0x7E, 0x0F, 0xC1, 0xF8, 0x3F, 0x07,
  0xE0, 0xFE, 0x3D, 0xFF, 0x9F, 0x70, 0x70, 0x73, 0x83, 0x9C, 0x1C, 0x71,
  0xC3, 0x8E, 0x0E, 0xE0, 0x77, 0x03, 0xB8, 0x0F, 0x80, 0x7C, 0x01, 0xC0,
  0x0E, 0x00, 0xE0, 0xE0, 0xEE, 0x1C, 0x39, 0xC7, 0xC7, 0x38, 0xF8, 0xE3,
  0x9B, 0x38, 0x77, 0x77, 0x0E, 0xEE, 0xE0, 0xD8, 0xD8, 0x1F, 0x1F, 0x03,
  0xE3, 0xE0, 0x38, 0x38, 0x07, 0x07, 0x00, 0x70, 0xE7, 0x0E, 0x39, 0xC1,
  0xF8, 0x1F, 0x80, 0xF0, 0x0F, 0x01, 0xF8, 0x1F, 0x83, 0x9C, 0x70, 0xE7,
  0x0E, 0xE0, 0xFC, 0x1D, 0xC7, 0x38, 0xE7, 0x1C, 0x77, 0x0E, 0xE1, 0xDC,
  0x1F, 0x03, 0xE0, 0x78, 0x07, 0x00, 0xE0, 0x38, 0x1F, 0x03, 0xC0, 0xFF,
  0xFF, 0xC0, 0xE0, 0xE0, 0xE0, 0xE0, 0x70, 0x70, 0x70, 0x70, 0x3F, 0xFF,
  0xF0, 0x0E, 0x3C, 0xF9, 0xC3, 0x87, 0x0E, 0x1C, 0x79, 0xE3, 0xC3, 0xC3,
  0x87, 0x0E, 0x1C, 0x38, 0x7C, 0x78, 0x70, 0xFF, 0xFF, 0xFF, 0xFF, 0xFF,
  0xC0, 0xE1, 0xE3, 0xE1, 0xC3, 0x87, 0x0E, 0x1C, 0x3C, 0x3C, 0x79, 0xE3,
  0x87, 0x0E, 0x1C, 0x39, 0xF3, 0xC7, 0x00, 0x38, 0x0F, 0xE3, 0xFF, 0xFC,
  0x7F, 0x01, 0xC0, 0xFF, 0xF8, 0x01, 0x80, 0x18, 0x01, 0x80, 0x18, 0x01,
  0x80, 0x18, 0x01, 0x80, 0x18, 0x01, 0x80, 0x18, 0x01, 0x80, 0x1F, 0xFF,
  0xFF, 0xF8, 0x01, 0x80, 0x18, 0x01, 0x80, 0x18, 0x01, 0x80, 0x18, 0x01,
  0x80, 0x18, 0x01, 0x80, 0x18, 0x01, 0x80, 0x1F, 0xFF, 0xFF, 0xF8, 0x01,
  0x80, 0x18, 0x01, 0x80, 0x18, 0x01, 0x80, 0x18, 0x01, 0x80, 0x18, 0x01,
  0x80, 0x18, 0x01, 0x80, 0x1F, 0xFF, 0xFF, 0xF8, 0x01, 0x80, 0x18, 0x01,
  0x80, 0x18, 0x01, 0x80, 0x18, 0x01, 0x80, 0x18, 0x01, 0x80, 0x18, 0x01,
  0x80, 0x1F, 0xFF, 0xFF, 0xF8, 0x01, 0x80, 0x18, 0x01, 0x80, 0x18, 0x01,
  0x80, 0x18, 0x01, 0x80, 0x18, 0x01, 0x80, 0x18, 0x01, 0x80, 0x1F, 0xFF,
  0xFF, 0xF8, 0x01, 0x80, 0x18, 0x01, 0x80, 0x18, 0x01, 0x80, 0x18, 0x01,
  0x80, 0x18, 0x01, 0x80, 0x18, 0x01, 0x80, 0x1F, 0xFF, 0xFF, 0xF8, 0x01,
  0x80, 0x18, 0x01, 0x80, 0x18, 0x01, 0x80, 0x18, 0x01, 0x80, 0x18, 0x01,
  0x80, 0x18, 0x01, 0x80, 0x1F, 0xFF, 0xFF, 0xF8, 0x01, 0x80, 0x18, 0x01,
  0x80, 0x18, 0x01, 0x80, 0x18, 0x01, 0x80, 0x18, 0x01, 0x80, 0x18, 0x01,
  0x80, 0x1F, 0xFF, 0xFF, 0xF8, 0x01, 0x80, 0x18, 0x01, 0x80, 0x18, 0x01,
  0x80, 0x18, 0x01, 0x80, 0x18, 0x01, 0x80, 0x18, 0x01, 0x80, 0x1F, 0xFF,
  0xFF, 0xF8, 0x01, 0x80, 0x18, 0x01, 0x80, 0x18, 0x01, 0x80, 0x18, 0x01,
  0x80, 0x18, 0x01, 0x80, 0x18, 0x01, 0x80, 0x1F, 0xFF, 0xFF, 0xF8, 0x01,
  0x80, 0x18, 0x01, 0x80, 0x18, 0x01, 0x80, 0x18, 0x01, 0x80, 0x18, 0x01,
  0x80, 0x18, 0x01, 0x80, 0x1F, 0xFF, 0xFF, 0xF8, 0x01, 0x80, 0x18, 0x01,
  0x80, 0x18, 0x01, 0x80, 0x18, 0x01, 0x80, 0x18, 0x01, 0x80, 0x18, 0x01,
  0x80, 0x1F, 0xFF, 0xFF, 0xF8, 0x01, 0x80, 0x18, 0x01, 0x80, 0x18, 0x01,
  0x80, 0x18, 0x01, 0x80, 0x18, 0x01, 0x80, 0x18, 0x01, 0x80, 0x1F, 0xFF,
  0xFF, 0xF8, 0x01, 0x80, 0x18, 0x01, 0x80, 0x18, 0x01, 0x80, 0x18, 0x01,
  0x80, 0x18, 0x01, 0x80, 0x18, 0x01, 0x80, 0x1F, 0xFF, 0xFF, 0xF8, 0x01,
  0x80, 0x18, 0x01, 0x80, 0x18, 0x01, 0x80, 0x18, 0x01, 0x80, 0x18, 0x01,
  0x80, 0x18, 0x01, 0x80, 0x1F, 0xFF, 0xFF, 0xF8, 0x01, 0x80, 0x18, 0x01,
  0x80, 0x18, 0x01, 0x80, 0x18, 0x01, 0x80, 0x18, 0x01, 0x80, 0x18, 0x01,
  0x80, 0x1F, 0xFF, 0xFF, 0xF8, 0x01, 0x80, 0x18, 0x01, 0x80, 0x18, 0x01,
  0x80, 0x18, 0x01, 0x80, 0x18, 0x01, 0x80, 0x18, 0x01, 0x80, 0x1F, 0xFF,
  0xFF, 0xF8, 0x01, 0x80, 0x18, 0x01, 0x80, 0x18, 0x01, 0x80, 0x18, 0x01,
  0x80, 0x18, 0x01, 0x80, 0x18, 0x01, 0x80, 0x1F, 0xFF, 0xFF, 0xF8, 0x01,
  0x80, 0x18, 0x01, 0x80, 0x18, 0x01, 0x80, 0x18, 0x01, 0x80, 0x18, 0x01,
  0x80, 0x18, 0x01, 0x80, 0x1F, 0xFF, 0xFF, 0xF8, 0x01, 0x80, 0x18, 0x01,
  0x80, 0x18, 0x01, 0x80, 0x18, 0x01, 0x80, 0x18, 0x01, 0x80, 0x18, 0x01,
  0x80, 0x1F, 0xFF, 0xFF, 0xF8, 0x01, 0x80, 0x18, 0x01, 0x80, 0x18, 0x01,
  0x80, 0x18, 0x01, 0x80, 0x18, 0x01, 0x80, 0x18, 0x01, 0x80, 0x1F, 0xFF,
  0xFF, 0xF8, 0x01, 0x80, 0x18, 0x01, 0x80, 0x18, 0x01, 0x80, 0x18, 0x01,
  0x80, 0x18, 0x01, 0x80, 0x18, 0x01, 0x80, 0x1F, 0xFF, 0xFF, 0xF8, 0x01,
  0x80, 0x18, 0x01, 0x80, 0x18, 0x01, 0x80, 0x18, 0x01, 0x80, 0x18, 0x01,
  0x80, 0x18, 0x01, 0x80, 0x1F, 0xFF, 0xFF, 0xF8, 0x01, 0x80, 0x18, 0x01,
  0x80, 0x18, 0x01, 0x80, 0x18, 0x01, 0x80, 0x18, 0x01, 0x80, 0x18, 0x01,
  0x80, 0x1F, 0xFF, 0xFF, 0xF8, 0x01, 0x80, 0x18, 0x01, 0x80, 0x18, 0x01,
  0x80, 0x18, 0x01, 0x80, 0x18, 0x01, 0x80, 0x18, 0x01, 0x80, 0x1F, 0xFF,
  0xFF, 0xF8, 0x01, 0x80, 0x18, 0x01, 0x80, 0x18, 0x01, 0x80, 0x18, 0x01,
  0x80, 0x18, 0x01, 0x80, 0x18, 0x01, 0x80, 0x1F, 0xFF, 0xFF, 0xF8, 0x01,
  0x80, 0x18, 0x01, 0x80, 0x18, 0x01, 0x80, 0x18, 0x01, 0x80, 0x18, 0x01,
  0x80, 0x18, 0x01, 0x80, 0x1F, 0xFF, 0xFF, 0xF8, 0x01, 0x80, 0x18, 0x01,
  0x80, 0x18, 0x01, 0x80, 0x18, 0x01, 0x80, 0x18, 0x01, 0x80, 0x18, 0x01,
  0x80, 0x1F, 0xFF, 0xFF, 0xF8, 0x01, 0x80, 0x18, 0x01, 0x80, 0x18, 0x01,
  0x80, 0x18, 0x01, 0x80, 0x18, 0x01, 0x80, 0x18, 0x01, 0x80, 0x1F, 0xFF,
  0xFF, 0xF8, 0x01, 0x80, 0x18, 0x01, 0x80, 0x18, 0x01, 0x80, 0x18, 0x01,
  0x80, 0x18, 0x01, 0x80, 0x18, 0x01, 0x80, 0x1F, 0xFF, 0xFF, 0xF8, 0x01,
  0x80, 0x18, 0x01, 0x80, 0x18, 0x01, 0x80, 0x18, 0x01, 0x80, 0x18, 0x01,
  0x80, 0x18, 0x01, 0x80, 0x1F, 0xFF, 0xFF, 0xF8, 0x01, 0x80, 0x18, 0x01,
  0x80, 0x18, 0x01, 0x80, 0x18, 0x01, 0x80, 0x18, 0x01, 0x80, 0x18, 0x01,
  0x80, 0x1F, 0xFF, 0xFF, 0xF8, 0x01, 0x80, 0x18, 0x01, 0x80, 0x18, 0x01,
  0x80, 0x18, 0x01, 0x80, 0x18, 0x01, 0x80, 0x18, 0x01, 0x80, 0x1F, 0xFF,
  0x00, 0xFF, 0x84, 0xBF, 0xFF, 0xFF, 0xFF, 0x00, 0x80, 0x10, 0x04, 0x00,
  0x81, 0xF0, 0x7F, 0x1C, 0xF7, 0x17, 0xE4, 0x1C, 0x83, 0x90, 0x74, 0x0F,
  0x8E, 0xF3, 0x8F, 0xF0, 0xF8, 0x10, 0x02, 0x00, 0x80, 0x10, 0x00, 0x0F,
  0x87, 0xF9, 0xE7, 0xB8, 0x77, 0x00, 0xE0, 0x1C, 0x07, 0xF8, 0xFF, 0x07,
  0x00, 0xE0, 0x1C, 0x07, 0x01, 0xFC, 0xBF, 0xFA, 0x1E, 0x20, 0x8F, 0xFB,
  0xFF, 0xB8, 0xE6, 0x0C, 0xC1, 0x98, 0x33, 0x8E, 0xFF, 0xEF, 0xF8, 0x82,
  0x00, 0xE0, 0xEE, 0x39, 0xC7, 0x18, 0xC3, 0xB8, 0x77, 0x07, 0xC3, 0xFE,
  0x7F, 0xC1, 0xC1, 0xFF, 0x3F, 0xE0, 0xE0, 0x1C, 0x03, 0x80, 0x70, 0xFF,
  0xFF, 0x00, 0xFF, 0xFF, 0xC0, 0x1F, 0x07, 0xF1, 0xC7, 0x38, 0xE7, 0x80,
  0x78, 0x1F, 0xC7, 0xFC, 0xE7, 0xDC, 0x3F, 0xC3, 0xFC, 0x77, 0xEE, 0x7F,
  0x83, 0xE0, 0x1E, 0x01, 0xCE, 0x39, 0xE7, 0x1F, 0xC1, 0xF0, 0xC7, 0x8C,
  0x07, 0xE0, 0x1F, 0xF8, 0x3C, 0x3C, 0x70, 0x0E, 0x63, 0xC6, 0xE7, 0xE7,
  0xCE, 0x33, 0xCC, 0x03, 0xCC, 0x03, 0xCE, 0x33, 0xE7, 0xE7, 0x63, 0xC6,
  0x70, 0x0E, 0x3C, 0x3C, 0x1F, 0xF8, 0x07, 0xE0, 0x7D, 0xFC, 0x19, 0xFF,
  0x78, 0xFF, 0xBB, 0x18, 0xCC, 0x67, 0x39, 0x8C, 0xE7, 0x39, 0xC6, 0x31,
  0xCE, 0x31, 0x86, 0x30, 0xFF, 0xFF, 0xFF, 0xFF, 0x80, 0x70, 0x0E, 0x01,
  0xC0, 0x38, 0x07, 0xFF, 0xFF, 0xF8, 0x07, 0xE0, 0x1F, 0xF8, 0x3C, 0x3C,
  0x70, 0x0E, 0x67, 0xC6, 0xE7, 0xE7, 0xC6, 0x63, 0xC7, 0xE3, 0xC7, 0xC3,
  0xC6, 0xC3, 0xE6, 0x67, 0x66, 0x66, 0x70, 0x0E, 0x3C, 0x3C, 0x1F, 0xF8,
  0x07, 0xE0, 0xFF, 0xFF, 0xFF, 0x38, 0xFB, 0x1E, 0x3C, 0x6F, 0x8E, 0x00,
  0x0E, 0x01, 0xC0, 0x38, 0x07, 0x0F, 0xFF, 0xFF, 0xFF, 0xF8, 0x70, 0x0E,
  0x01, 0xC0, 0x38, 0x00, 0x0F, 0xFF, 0xFF, 0xFF, 0xF8, 0x7B, 0xFC, 0xC3,
  0x18, 0xC7, 0xFF, 0x7B, 0xFC, 0xCE, 0x0F, 0x3F, 0xDE, 0x3B, 0xB8, 0xE0,
  0xFC, 0x1F, 0x83, 0xF0, 0x7E, 0x0F, 0xC1, 0xF8, 0x3F, 0x07, 0xE0, 0xFE,
  0x3F, 0xFF, 0xF7, 0x7E, 0x01, 0xC0, 0x38, 0x07, 0x00, 0x3F, 0xEF, 0xFF,
  0xF3, 0x7E, 0x6F, 0xCD, 0xF9, 0xBF, 0x33, 0xE6, 0x3C, 0xC1, 0x98, 0x33,
  0x06, 0x60, 0xCC, 0x19, 0x83, 0x30, 0x66, 0x0C, 0xC1, 0x98, 0x33, 0x06,
  0x60, 0xFF, 0x80, 0x78, 0x30, 0xFE, 0x37, 0xFB, 0x33, 0x33, 0x38, 0xFB,
  0x1E, 0x3C, 0x78, 0xDF, 0x1C, 0xC6, 0x18, 0xC7, 0x38, 0xC6, 0x39, 0xCE,
  0x73, 0x19, 0xCE, 0x63, 0x31, 0x80, 0x30, 0x18, 0x38, 0x0C, 0x3C, 0x0C,
  0x16, 0x0E, 0x03, 0x06, 0x01, 0x86, 0x00, 0xC3, 0x00, 0x63, 0x00, 0x03,
  0x83, 0x01, 0x83, 0x81, 0x82, 0xC0, 0xC2, 0x60, 0xC3, 0xF8, 0xE1, 0xFC,
  0x60, 0x0C, 0x60, 0x06, 0x30, 0x18, 0x70, 0x30, 0xF0, 0x70, 0xB0, 0x60,
  0x30, 0xE0, 0x30, 0xC0, 0x31, 0x80, 0x31, 0x80, 0x03, 0x1E, 0x03, 0x3F,
  0x06, 0x33, 0x0E, 0x03, 0x0C, 0x06, 0x18, 0x0C, 0x18, 0x1F, 0x30, 0x3F,
  0x78, 0x0C, 0x3F, 0x03, 0x0C, 0xC1, 0x80, 0xE0, 0xE0, 0x0C, 0x30, 0x33,
  0x18, 0x0F, 0xC6, 0x01, 0xE3, 0x00, 0x01, 0xC1, 0x80, 0x60, 0xE0, 0x30,
  0x58, 0x0C, 0x26, 0x06, 0x1F, 0xC3, 0x87, 0xF0, 0xC0, 0x18, 0x60, 0x06,
  0x0E, 0x01, 0xC0, 0x38, 0x00, 0x00, 0xE0, 0x1C, 0x07, 0x81, 0xE0, 0x78,
  0x0E, 0x03, 0x80, 0x70, 0x0E, 0x0E, 0xE3, 0xDF, 0xF0, 0xF8, 0x07, 0x00,
  0x07, 0x00, 0x07, 0x00, 0x00, 0x00, 0x7C, 0x00, 0xF8, 0x01, 0xF0, 0x07,
  0x70, 0x0E, 0xE0, 0x1D, 0xC0, 0x71, 0xC0, 0xE3, 0x81, 0xC7, 0x07, 0xFF,
  0x0F, 0xFE, 0x1F, 0xFC, 0x70, 0x1C, 0xE0, 0x39, 0xC0, 0x77, 0x00, 0x70,
  0x00, 0xE0, 0x03, 0x80, 0x0E, 0x00, 0x00, 0x00, 0x7C, 0x00, 0xF8, 0x01,
  0xF0, 0x07, 0x70, 0x0E, 0xE0, 0x1D, 0xC0, 0x71, 0xC0, 0xE3, 0x81, 0xC7,
  0x07, 0xFF, 0x0F, 0xFE, 0x1F, 0xFC, 0x70, 0x1C, 0xE0, 0x39, 0xC0, 0x77,
  0x00, 0x70, 0x03, 0x80, 0x0F, 0x80, 0x1B, 0x00, 0x63, 0x00, 0x00, 0x00,
  0xF8, 0x01, 0xF0, 0x03, 0xE0, 0x0E, 0xE0, 0x1D, 0xC0, 0x3B, 0x80, 0xE3,
  0x81, 0xC7, 0x03, 0x8E, 0x0F, 0xFE, 0x1F, 0xFC, 0x3F, 0xF8, 0xE0, 0x39,
  0xC0, 0x73, 0x80, 0xEE, 0x00, 0xE0, 0x06, 0x60, 0x1F, 0xC0, 0x33, 0x00,
  0x00, 0x00, 0x7C, 0x00, 0xF8, 0x01, 0xF0, 0x07, 0x70, 0x0E, 0xE0, 0x1D,
  0xC0, 0x71, 0xC0, 0xE3, 0x81, 0xC7, 0x07, 0xFF, 0x0F, 0xFE, 0x1F, 0xFC,
  0x70, 0x1C, 0xE0, 0x39, 0xC0, 0x77, 0x00, 0x70, 0x0C, 0x60, 0x18, 0xC0,
  0x00, 0x00, 0x3E, 0x00, 0x7C, 0x00, 0xF8, 0x03, 0xB8, 0x07, 0x70, 0x0E,
  0xE0, 0x38, 0xE0, 0x71, 0xC0, 0xE3, 0x83, 0xFF, 0x87, 0xFF, 0x0F, 0xFE,
  0x38, 0x0E, 0x70, 0x1C, 0xE0, 0x3B, 0x80, 0x38, 0x01, 0x80, 0x04, 0x80,
  0x09, 0x00, 0x3E, 0x00, 0x7C, 0x00, 0xF8, 0x03, 0xB8, 0x07, 0x70, 0x0E,
  0xE0, 0x38, 0xE0, 0x71, 0xC0, 0xE3, 0x83, 0xFF, 0x87, 0xFF, 0x0F, 0xFE,
  0x38, 0x0E, 0x70, 0x1C, 0xE0, 0x3B, 0x80, 0x38, 0x00, 0xFF, 0xFC, 0x07,
  0xFF, 0xF0, 0x1F, 0xFF, 0xC0, 0xFE, 0x00, 0x03, 0xB8, 0x00, 0x1E, 0xE0,
  0x00, 0x73, 0xFF, 0x83, 0xCF, 0xFE, 0x0E, 0x3F, 0xF8, 0x7F, 0xE0, 0x01,
  0xFF, 0x80, 0x0F, 0xFE, 0x00, 0x38, 0x38, 0x01, 0xE0, 0xFF, 0xF7, 0x03,
  0xFF, 0xFC, 0x0F, 0xFF, 0x07, 0xC0, 0x7F, 0xC3, 0xFF, 0x9E, 0x0F, 0x70,
  0x1B, 0x80, 0x0E, 0x00, 0x38, 0x00, 0xE0, 0x03, 0x80, 0x0E, 0x00, 0x1C,
  0x06, 0x78, 0x3C, 0xFF, 0xE1, 0xFF, 0x03, 0xF0, 0x07, 0x80, 0x03, 0x00,
  0x0C, 0x03, 0xE0, 0x1C, 0x00, 0xE0, 0x07, 0x00, 0x00, 0xFF, 0xFF, 0xFF,
  0xFF, 0xFE, 0x00, 0xE0, 0x0E, 0x00, 0xFF, 0xEF, 0xFE, 0xFF, 0xEE, 0x00,
  0xE0, 0x0E, 0x00, 0xE0, 0x0F, 0xFF, 0xFF, 0xFF, 0xFF, 0x03, 0x80, 0x70,
  0x0E, 0x00, 0x00, 0xFF, 0xFF, 0xFF, 0xFF, 0xFE, 0x00, 0xE0, 0x0E, 0x00,
  0xFF, 0xEF, 0xFE, 0xFF, 0xEE, 0x00, 0xE0, 0x0E, 0x00, 0xE0, 0x0F, 0xFF,
  0xFF, 0xFF, 0xFF, 0x07, 0x00, 0xF8, 0x0D, 0x81, 0x8C, 0x00, 0x0F, 0xFF,
  0xFF, 0xFF, 0xFF, 0xE0, 0x0E, 0x00, 0xE0, 0x0F, 0xFE, 0xFF, 0xEF, 0xFE,
  0xE0, 0x0E, 0x00, 0xE0, 0x0E, 0x00, 0xFF, 0xFF, 0xFF, 0xFF, 0xF0, 0x18,
  0xC1, 0x8C, 0x00, 0x0F, 0xFF, 0xFF, 0xFF, 0xFF, 0xE0, 0x0E, 0x00, 0xE0,
  0x0F, 0xFE, 0xFF, 0xEF, 0xFE, 0xE0, 0x0E, 0x00, 0xE0, 0x0E, 0x00, 0xFF,
  0xFF, 0xFF, 0xFF, 0xF0, 0xE3, 0x8E, 0x07, 0x39, 0xCE, 0x73, 0x9C, 0xE7,
  0x39, 0xCE, 0x73, 0x9C, 0xE0, 0x3B, 0xB8, 0x07, 0x39, 0xCE, 0x73, 0x9C,
  0xE7, 0x39, 0xCE, 0x73, 0x9C, 0xE0, 0x38, 0xF9, 0xB6, 0x30, 0x07, 0x0E,
  0x1C, 0x38, 0x70, 0xE1, 0xC3, 0x87, 0x0E, 0x1C, 0x38, 0x70, 0xE1, 0xC3,
  0x80, 0xC7, 0x8C, 0x01, 0xC3, 0x87, 0x0E, 0x1C, 0x38, 0x70, 0xE1, 0xC3,
  0x87, 0x0E, 0x1C, 0x38, 0x70, 0xE0, 0x3F, 0xE0, 0x7F, 0xF0, 0xFF, 0xF1,
  0xC1, 0xE3, 0x81, 0xE7, 0x01, 0xCE, 0x03, 0xFF, 0xC7, 0xFF, 0x8E, 0x70,
  0x1C, 0xE0, 0x39, 0xC0, 0xF3, 0x83, 0xC7, 0xFF, 0x8F, 0xFE, 0x1F, 0xF0,
  0x0C, 0xC1, 0xFC, 0x19, 0x80, 0x00, 0xE0, 0x7F, 0x07, 0xF8, 0x7F, 0x87,
  0xFC, 0x7F, 0xC7, 0xEE, 0x7E, 0xE7, 0xE7, 0x7E, 0x77, 0xE3, 0xFE, 0x3F,
  0xE1, 0xFE, 0x1F, 0xE0, 0xFE, 0x07, 0x07, 0x00, 0x07, 0x00, 0x07, 0x00,
  0x00, 0x00, 0xFC, 0x03, 0xFE, 0x0F, 0xFE, 0x3C, 0x1E, 0x70, 0x1D, 0xC0,
  0x1F, 0x80, 0x3F, 0x00, 0x7E, 0x00, 0xFC, 0x01, 0xF8, 0x03, 0xB8, 0x0E,
  0x78, 0x3C, 0x7F, 0xF0, 0x7F, 0xC0, 0x7F, 0x00, 0x01, 0xC0, 0x07, 0x00,
  0x1C, 0x00, 0x00, 0x00, 0xFC, 0x03, 0xFE, 0x0F, 0xFE, 0x3C, 0x1E, 0x70,
  0x1D, 0xC0, 0x1F, 0x80, 0x3F, 0x00, 0x7E, 0x00, 0xFC, 0x01, 0xF8, 0x03,
  0xB8, 0x0E, 0x78, 0x3C, 0x7F, 0xF0, 0x7F, 0xC0, 0x7F, 0x00, 0x03, 0x80,
  0x0F, 0x80, 0x1B, 0x00, 0x63, 0x00, 0x00, 0x01, 0xF8, 0x07, 0xFC, 0x1F,
  0xFC, 0x78, 0x3C, 0xE0, 0x3B, 0x80, 0x3F, 0x00, 0x7E, 0x00, 0xFC, 0x01,
  0xF8, 0x03, 0xF0, 0x07, 0x70, 0x1C, 0xF0, 0x78, 0xFF, 0xE0, 0xFF, 0x80,
  0xFE, 0x00, 0x06, 0x60, 0x1F, 0xC0, 0x33, 0x00, 0x00, 0x00, 0xFC, 0x03,
  0xFE, 0x0F, 0xFE, 0x3C, 0x1E, 0x70, 0x1D, 0xC0, 0x1F, 0x80, 0x3F, 0x00,
  0x7E, 0x00, 0xFC, 0x01, 0xF8, 0x03, 0xB8, 0x0E, 0x78, 0x3C, 0x7F, 0xF0,
  0x7F, 0xC0, 0x7F, 0x00, 0x0C, 0x60, 0x18, 0xC0, 0x00, 0x00, 0x7E, 0x01,
  0xFF, 0x07, 0xFF, 0x1E, 0x0F, 0x38, 0x0E, 0xE0, 0x0F, 0xC0, 0x1F, 0x80,
  0x3F, 0x00, 0x7E, 0x00, 0xFC, 0x01, 0xDC, 0x07, 0x3C, 0x1E, 0x3F, 0xF8,
  0x3F, 0xE0, 0x3F, 0x80, 0x20, 0x4E, 0x1D, 0xE7, 0x9F, 0xE1, 0xF8, 0x1E,
  0x07, 0xE1, 0xFE, 0x79, 0xEE, 0x1C, 0x81, 0x00, 0x00, 0x02, 0x03, 0xF9,
  0xC3, 0xFF, 0xC3, 0xFF, 0xC3, 0xC1, 0xE1, 0xC1, 0xF1, 0xC1, 0xDC, 0xE1,
  0xCE, 0x70, 0xC7, 0x38, 0xC3, 0x9C, 0xE1, 0xCF, 0xE0, 0xE7, 0xE0, 0xE1,
  0xE0, 0xF0, 0xFF, 0xF0, 0xFF, 0xF0, 0xE7, 0xF0, 0x10, 0x00, 0x00, 0x1C,
  0x00, 0xE0, 0x07, 0x00, 0x00, 0xE0, 0x7E, 0x07, 0xE0, 0x7E, 0x07, 0xE0,
  0x7E, 0x07, 0xE0, 0x7E, 0x07, 0xE0, 0x7E, 0x07, 0xE0, 0x7E, 0x07, 0xF0,
  0xF7, 0xFE, 0x7F, 0xE1, 0xF8, 0x03, 0x80, 0x70, 0x0E, 0x00, 0x00, 0xE0,
  0x7E, 0x07, 0xE0, 0x7E, 0x07, 0xE0, 0x7E, 0x07, 0xE0, 0x7E, 0x07, 0xE0,
  0x7E, 0x07, 0xE0, 0x7E, 0x07, 0xF0, 0xF7, 0xFE, 0x7F, 0xE1, 0xF8, 0x07,
  0x00, 0xF8, 0x0D, 0x81, 0x8C, 0x00, 0x0E, 0x07, 0xE0, 0x7E, 0x07, 0xE0,
  0x7E, 0x07, 0xE0, 0x7E, 0x07, 0xE0, 0x7E, 0x07, 0xE0, 0x7E, 0x07, 0xE0,
  0x7F, 0x0F, 0x7F, 0xE7, 0xFE, 0x1F, 0x80, 0x18, 0xC1, 0x8C, 0x00, 0x0E,
  0x07, 0xE0, 0x7E, 0x07, 0xE0, 0x7E, 0x07, 0xE0, 0x7E, 0x07, 0xE0, 0x7E,
  0x07, 0xE0, 0x7E, 0x07, 0xE0, 0x7F, 0x0F, 0x7F, 0xE7, 0xFE, 0x1F, 0x80,
  0x00, 0xE0, 0x03, 0x80, 0x0E, 0x00, 0x00, 0x07, 0x01, 0xCF, 0x07, 0x8E,
  0x0E, 0x0E, 0x38, 0x1C, 0x70, 0x1D, 0xC0, 0x3B, 0x80, 0x3E, 0x00, 0x38,
  0x00, 0x70, 0x00, 0xE0, 0x01, 0xC0, 0x03, 0x80, 0x07, 0x00, 0x0E, 0x00,
  0x1C, 0x00, 0xE0, 0x0E, 0x00, 0xE0, 0x0F, 0xF8, 0xFF, 0xEF, 0xFE, 0xE0,
  0xFE, 0x07, 0xE0, 0x7E, 0x0F, 0xFF, 0xEF, 0xFE, 0xFF, 0x8E, 0x00, 0xE0,
  0x0E, 0x00, 0x3E, 0x0F, 0xE3, 0xCE, 0x71, 0xCE, 0x39, 0xCE, 0x39, 0xC7,
  0x38, 0xE7, 0x9C, 0x7B, 0x87, 0xF0, 0xFE, 0x0F, 0xC9, 0xFB, 0xF7, 0x3C,
  0x38, 0x03, 0x80, 0x38, 0x00, 0x00, 0x00, 0x7E, 0x1F, 0xE6, 0x0E, 0x01,
  0xC0, 0xF8, 0xFF, 0x3C, 0xEE, 0x1D, 0xC3, 0xB8, 0xF3, 0xFE, 0x3C, 0xE0,
  0x07, 0x01, 0xC0, 0x70, 0x00, 0x00, 0x00, 0x7E, 0x1F, 0xE6, 0x0E, 0x01,
  0xC0, 0xF8, 0xFF, 0x3C, 0xEE, 0x1D, 0xC3, 0xB8, 0xF3, 0xFE, 0x3C, 0xE0,
  0x0E, 0x03, 0xE0, 0x6C, 0x18, 0xC0, 0x00, 0x00, 0x0F, 0xC3, 0xFC, 0xC1,
  0xC0, 0x38, 0x1F, 0x1F, 0xE7, 0x9D, 0xC3, 0xB8, 0x77, 0x1E, 0x7F, 0xC7,
  0x9C, 0x19, 0x87, 0xF0, 0xCC, 0x00, 0x00, 0x00, 0x7E, 0x1F, 0xE6, 0x0E,
  0x01, 0xC0, 0xF8, 0xFF, 0x3C, 0xEE, 0x1D, 0xC3, 0xB8, 0xF3, 0xFE, 0x3C,
  0xE0, 0x31, 0x86, 0x30, 0x00, 0x00, 0x03, 0xF0, 0xFF, 0x30, 0x70, 0x0E,
  0x07, 0xC7, 0xF9, 0xE7, 0x70, 0xEE, 0x1D, 0xC7, 0x9F, 0xF1, 0xE7, 0x0C,
  0x02, 0x40, 0x48, 0x06, 0x00, 0x00, 0x00, 0x0F, 0xC3, 0xFC, 0xC1, 0xC0,
  0x38, 0x1F, 0x1F, 0xE7, 0x9D, 0xC3, 0xB8, 0x77, 0x1E, 0x7F, 0xC7, 0x9C,
  0x3F, 0x3E, 0x1F, 0xFF, 0xCC, 0x1E, 0x38, 0x07, 0x07, 0x07, 0xC1, 0xCF,
  0xFF, 0xF7, 0x9F, 0xFF, 0x87, 0x00, 0xE1, 0xC1, 0xF8, 0xF8, 0xE7, 0xFF,
  0xF8, 0xF8, 0xF8, 0x1E, 0x1F, 0xE7, 0x3B, 0x87, 0xE0, 0x38, 0x0E, 0x03,
  0x80, 0xE1, 0xDC, 0xE7, 0xF8, 0x78, 0x1E, 0x00, 0xC0, 0x30, 0xF8, 0x38,
  0x07, 0x00, 0xE0, 0x00, 0x00, 0x07, 0x87, 0xF9, 0xCE, 0xE1, 0xF8, 0x7F,
  0xFF, 0xFF, 0xE0, 0x38, 0x77, 0x39, 0xFE, 0x1E, 0x00, 0x07, 0x03, 0x81,
  0xC0, 0x00, 0x00, 0x07, 0x87, 0xF9, 0xCE, 0xE1, 0xF8, 0x7F, 0xFF, 0xFF,
  0xE0, 0x38, 0x77, 0x39, 0xFE, 0x1E, 0x00, 0x0E, 0x07, 0xC1, 0xB0, 0xC6,
  0x00, 0x00, 0x01, 0xE1, 0xFE, 0x73, 0xB8, 0x7E, 0x1F, 0xFF, 0xFF, 0xF8,
  0x0E, 0x1D, 0xCE, 0x7F, 0x87, 0x80, 0x31, 0x8C, 0x60, 0x00, 0x00, 0x1E,
  0x1F, 0xE7, 0x3B, 0x87, 0xE1, 0xFF, 0xFF, 0xFF, 0x80, 0xE1, 0xDC, 0xE7,
  0xF8, 0x78, 0xE3, 0x8E, 0x00, 0x39, 0xCE, 0x73, 0x9C, 0xE7, 0x39, 0xCE,
  0x70, 0x3B, 0xB8, 0x00, 0x39, 0xCE, 0x73, 0x9C, 0xE7, 0x39, 0xCE, 0x70,
  0x38, 0xF9, 0xB6, 0x30, 0x00, 0x0E, 0x1C, 0x38, 0x70, 0xE1, 0xC3, 0x87,
  0x0E, 0x1C, 0x38, 0x70, 0xC7, 0x8C, 0x00, 0x03, 0x87, 0x0E, 0x1C, 0x38,
  0x70, 0xE1, 0xC3, 0x87, 0x0E, 0x1C, 0x1D, 0x80, 0xC0, 0x6C, 0x01, 0xC1,
  0xFC, 0x7F, 0x9C, 0x77, 0x0F, 0xE0, 0xFC, 0x1F, 0x83, 0xF0, 0x7E, 0x0E,
  0xE3, 0x8F, 0xE0, 0xF8, 0x19, 0x87, 0xF0, 0xCC, 0x00, 0x00, 0x01, 0xCF,
  0x3F, 0xF7, 0x8F, 0xE0, 0xFC, 0x1F, 0x83, 0xF0, 0x7E, 0x0F, 0xC1, 0xF8,
  0x3F, 0x07, 0xE0, 0xE0, 0x1C, 0x01, 0xC0, 0x1C, 0x00, 0x00, 0x00, 0x3E,
  0x1F, 0xF3, 0x8E, 0xE0, 0xFC, 0x1F, 0x83, 0xF0, 0x7E, 0x0F, 0xC1, 0xDC,
  0x73, 0xFE, 0x1F, 0x00, 0x03, 0x80, 0xE0, 0x38, 0x00, 0x00, 0x00, 0x3E,
  0x1F, 0xF3, 0x8E, 0xE0, 0xFC, 0x1F, 0x83, 0xF0, 0x7E, 0x0F, 0xC1, 0xDC,
  0x73, 0xFE, 0x1F, 0x00, 0x0E, 0x03, 0xE0, 0x6C, 0x18, 0xC0, 0x00, 0x00,
  0x07, 0xC3, 0xFE, 0x71, 0xDC, 0x1F, 0x83, 0xF0, 0x7E, 0x0F, 0xC1, 0xF8,
  0x3B, 0x8E, 0x7F, 0xC3, 0xE0, 0x19, 0x87, 0xF0, 0xCC, 0x00, 0x00, 0x00,
  0x3E, 0x1F, 0xF3, 0x8E, 0xE0, 0xFC, 0x1F, 0x83, 0xF0, 0x7E, 0x0F, 0xC1,
  0xDC, 0x73, 0xFE, 0x1F, 0x00, 0x31, 0x86, 0x30, 0x00, 0x00, 0x01, 0xF0,
  0xFF, 0x9C, 0x77, 0x07, 0xE0, 0xFC, 0x1F, 0x83, 0xF0, 0x7E, 0x0E, 0xE3,
  0x9F, 0xF0, 0xF8, 0x0E, 0x01, 0xC0, 0x38, 0x00, 0x0F, 0xFF, 0xFF, 0xFF,
  0xF8, 0x00, 0x0E, 0x01, 0xC0, 0x38, 0x00, 0x00, 0x43, 0xEC, 0xFF, 0x38,
  0xEE, 0x3F, 0xC7, 0xF9, 0xBF, 0x67, 0xF8, 0xFF, 0x1D, 0xC7, 0x3F, 0xCD,
  0xF0, 0x80, 0x00, 0x1C, 0x01, 0xC0, 0x1C, 0x00, 0x00, 0x01, 0xC1, 0xF8,
  0x3F, 0x07, 0xE0, 0xFC, 0x1F, 0x83, 0xF0, 0x7E, 0x0F, 0xC1, 0xFC, 0x7B,
  0xFF, 0x3E, 0xE0, 0x03, 0x80, 0xE0, 0x38, 0x00, 0x00, 0x01, 0xC1, 0xF8,
  0x3F, 0x07, 0xE0, 0xFC, 0x1F, 0x83, 0xF0, 0x7E, 0x0F, 0xC1, 0xFC, 0x7B,
  0xFF, 0x3E, 0xE0, 0x0E, 0x03, 0xE0, 0x6C, 0x18, 0xC0, 0x00, 0x00, 0x38,
  0x3F, 0x07, 0xE0, 0xFC, 0x1F, 0x83, 0xF0, 0x7E, 0x0F, 0xC1, 0xF8, 0x3F,
  0x8F, 0x7F, 0xE7, 0xDC, 0x31, 0x86, 0x30, 0x00, 0x00, 0x0E, 0x0F, 0xC1,
  0xF8, 0x3F, 0x07, 0xE0, 0xFC, 0x1F, 0x83, 0xF0, 0x7E, 0x0F, 0xE3, 0xDF,
  0xF9, 0xF7, 0x03, 0x80, 0xE0, 0x38, 0x00, 0x00, 0x01, 0xC1, 0xF8, 0x3B,
  0x8E, 0x71, 0xCE, 0x38, 0xEE, 0x1D, 0xC3, 0xB8, 0x3E, 0x07, 0xC0, 0xF0,
  0x0E, 0x01, 0xC0, 0x70, 0x3E, 0x07, 0x80, 0xE0, 0x1C, 0x03, 0x80, 0x70,
  0x0E, 0xF1, 0xFF, 0xBC, 0x77, 0x07, 0xE0, 0xFC, 0x1F, 0x83, 0xF0, 0x7E,
  0x0F, 0xE3, 0xBF, 0xF7, 0x78, 0xE0, 0x1C, 0x03, 0x80, 0x70, 0x00, 0x31,
  0x86, 0x30, 0x00, 0x00, 0x0E, 0x0F, 0xC1, 0xDC, 0x73, 0x8E, 0x71, 0xC7,
  0x70, 0xEE, 0x1D, 0xC1, 0xF0, 0x3E, 0x07, 0x80, 0x70, 0x0E, 0x03, 0x81,
  0xF0, 0x3C, 0x00, 0x06, 0x30, 0x0C, 0x60, 0x0F, 0x80, 0x0E, 0x00, 0x00,
  0x00, 0xFC, 0x07, 0xFE, 0x1F, 0xFE, 0x78, 0x1E, 0xE0, 0x1B, 0x80, 0x07,
  0x00, 0x0E, 0x0F, 0xFC, 0x1F, 0xF8, 0x3F, 0xF8, 0x07, 0x70, 0x0E, 0xF8,
  0x3C, 0xFF, 0xF8, 0xFF, 0xC0, 0x7E, 0x00, 0x31, 0x86, 0x30, 0x7C, 0x07,
  0x00, 0x00, 0x00, 0x07, 0xBB, 0xFF, 0x71, 0xFC, 0x1F, 0x83, 0xF0, 0x7E,
  0x0F, 0xC1, 0xF8, 0x3B, 0x8F, 0x7F, 0xE3, 0xDC, 0x03, 0xF0, 0xFF, 0xFC,
  0x7F, 0x00, 0xFF, 0x8F, 0xFF, 0xFF, 0xFF, 0xFF, 0xFF, 0xF0, 0xFF, 0xFF,
  0xFF, 0xFF, 0xF0, 0x0F, 0xC1, 0xFF, 0x9F, 0xFC, 0xF0, 0xF7, 0x03, 0xBC,
  0x00, 0xFE, 0x03, 0xFC, 0x07, 0xF0, 0x03, 0xF8, 0x0F, 0xE0, 0x77, 0x87,
  0xBF, 0xF8, 0xFF, 0xC1, 0xF8, 0x0F, 0x00, 0x0C, 0x00, 0x60, 0x3E, 0x00,
  0x3F, 0x1F, 0xEE, 0x1F, 0x80, 0xF8, 0x1F, 0xC3, 0xF8, 0x1F, 0x01, 0xF8,
  0x77, 0xF8, 0xFC, 0x1E, 0x00, 0xC0, 0x30, 0xF8,
};
const GFXglyph TrSans11Glyphs[] PROGMEM = {
  { 0, 1, 1, 6, 0, 0 },
  { 1, 3, 16, 7, 2, -15 },
  { 7, 8, 6, 10, 1, -15 },
  { 13, 12, 16, 12, 0, -15 },
  { 37, 10, 19, 12, 1, -16 },
  { 61, 16, 17, 18, 1, -15 },
  { 95, 15, 16, 16, 1, -15 },
  { 125, 3, 6, 5, 1, -15 },
  { 128, 5, 20, 7, 1, -15 },
  { 141, 5, 20, 7, 1, -15 },
  { 154, 8, 8, 9, 0, -15 },
  { 162, 11, 11, 13, 1, -12 },
  { 178, 3, 7, 6, 1, -2 },
  { 181, 7, 3, 8, 1, -6 },
  { 184, 3, 3, 6, 1, -2 },
  { 186, 6, 16, 6, 0, -15 },
  { 198, 10, 16, 12, 1, -15 },
  { 218, 7, 16, 12, 1, -15 },
  { 232, 10, 16, 12, 1, -15 },
  { 252, 10, 16, 12, 1, -15 },
  { 272, 11, 16, 12, 0, -15 },
  { 294, 10, 16, 12, 1, -15 },
  { 314, 10, 16, 12, 1, -15 },
  { 334, 10, 16, 12, 1, -15 },
  { 354, 10, 16, 12, 1, -15 },
  { 374, 10, 16, 12, 1, -15 },
  { 394, 3, 12, 7, 2, -11 },
  { 399, 3, 16, 7, 2, -11 },
  { 405, 11, 12, 13, 1, -13 },
  { 422, 11, 8, 13, 1, -11 },
  { 433, 11, 12, 13, 1, -13 },
  { 450, 11, 16, 13, 1, -15 },
  { 472, 20, 21, 21, 1, -15 },
  { 525, 15, 16, 15, 0, -15 },
  { 555, 13, 16, 16, 2, -15 },
  { 581, 14, 16, 16, 1, -15 },
  { 609, 13, 16, 16, 2, -15 },
  { 635, 12, 16, 15, 2, -15 },
  { 659, 10, 16, 13, 2, -15 },
  { 679, 15, 16, 17, 1, -15 },
  { 709, 12, 16, 16, 2, -15 },
  { 733, 3, 16, 5, 1, -15 },
  { 739, 10, 16, 12, 0, -15 },
  { 759, 14, 16, 16, 2, -15 },
  { 787, 10, 16, 13, 2, -15 },
  { 807, 15, 16, 17, 1, -15 },
  { 837, 12, 16, 16, 2, -15 },
  { 861, 15, 16, 17, 1, -15 },
  { 891, 12, 16, 15, 2, -15 },
  { 915, 16, 17, 17, 1, -15 },
  { 949, 13, 16, 16, 2, -15 },
  { 975, 13, 16, 15, 1, -15 },
  { 1001, 13, 16, 15, 1, -15 },
  { 1027, 12, 16, 16, 2, -15 },
  { 1051, 15, 16, 15, 0, -15 },
  { 1081, 21, 16, 21, 0, -15 },
  { 1123, 15, 16, 15, 0, -15 },
  { 1153, 15, 16, 15, 0, -15 },
  { 1183, 12, 16, 12, 0, -15 },
  { 1207, 6, 20, 7, 1, -15 },
  { 1222, 6, 16, 6, 0, -15 },
  { 1234, 6, 20, 7, 0, -15 },
  { 1249, 11, 9, 13, 1, -15 },
  { 1262, 12, 2, 12, 0, 3 },
  { 1265, 5, 3, 7, 0, -15 },
  { 1267, 11, 12, 12, 1, -11 },
  { 1284, 11, 16, 13, 1, -15 },
  { 1306, 10, 12, 12, 1, -11 },
  { 1321, 11, 16, 13, 1, -15 },
  { 1343, 10, 12, 12, 1, -11 },
  { 1358, 8, 16, 7, 0, -15 },
  { 1374, 11, 16, 13, 1, -11 },
  { 1396, 11, 16, 13, 1, -15 },
  { 1418, 3, 16, 5, 1, -15 },
  { 1424, 6, 20, 6, -1, -15 },
  { 1439, 11, 16, 12, 1, -15 },
  { 1461, 3, 16, 5, 1, -15 },
  { 1467, 17, 12, 19, 1, -11 },
  { 1493, 11, 12, 13, 1, -11 },
  { 1510, 11, 12, 13, 1, -11 },
  { 1527, 11, 16, 13, 1, -11 },
  { 1549, 11, 16, 13, 1, -11 },
  { 1571, 7, 12, 8, 1, -11 },
  { 1582, 10, 12, 12, 1, -11 },
  { 1597, 6, 16, 7, 0, -15 },
  { 1609, 11, 12, 13, 1, -11 },
  { 1626, 13, 12, 13, 0, -11 },
  { 1646, 19, 12, 19, 0, -11 },
  { 1675, 12, 12, 12, 0, -11 },
  { 1693, 11, 16, 11, 0, -11 },
  { 1715, 9, 12, 11, 1, -11 },
  { 1729, 7, 20, 9, 1, -15 },
  { 1747, 2, 21, 6, 2, -15 },
  { 1753, 7, 20, 9, 1, -15 },
  { 1771, 12, 5, 13, 0, -10 },
  { 1779, 12, 14, 17, 2, -13 },
  { 1800, 12, 14, 17, 2, -13 },
  { 1821, 12, 14, 17, 2, -13 },
  { 1842, 12, 14, 17, 2, -13 },
  { 1863, 12, 14, 17, 2, -13 },
  { 1884, 12, 14, 17, 2, -13 },
  { 1905, 12, 14, 17, 2, -13 },
  { 1926, 12, 14, 17, 2, -13 },
  { 1947, 12, 14, 17, 2, -13 },
  { 1968, 12, 14, 17, 2, -13 },
  { 1989, 12, 14, 17, 2, -13 },
  { 2010, 12, 14, 17, 2, -13 },
  { 2031, 12, 14, 17, 2, -13 },
  { 2052, 12, 14, 17, 2, -13 },
  { 2073, 12, 14, 17, 2, -13 },
  { 2094, 12, 14, 17, 2, -13 },
  { 2115, 12, 14, 17, 2, -13 },
  { 2136, 12, 14, 17, 2, -13 },
  { 2157, 12, 14, 17, 2, -13 },
  { 2178, 12, 14, 17, 2, -13 },
  { 2199, 12, 14, 17, 2, -13 },
  { 2220, 12, 14, 17, 2, -13 },
  { 2241, 12, 14, 17, 2, -13 },
  { 2262, 12, 14, 17, 2, -13 },
  { 2283, 12, 14, 17, 2, -13 },
  { 2304, 12, 14, 17, 2, -13 },
  { 2325, 12, 14, 17, 2, -13 },
  { 2346, 12, 14, 17, 2, -13 },
  { 2367, 12, 14, 17, 2, -13 },
  { 2388, 12, 14, 17, 2, -13 },
  { 2409, 12, 14, 17, 2, -13 },
  { 2430, 12, 14, 17, 2, -13 },
  { 2451, 12, 14, 17, 2, -13 },
  { 2472, 1, 1, 6, 0, 0 },
  { 2473, 3, 16, 7, 2, -11 },
  { 2479, 11, 20, 12, 1, -15 },
  { 2507, 11, 16, 12, 0, -15 },
  { 2529, 11, 11, 12, 0, -12 },
  { 2545, 11, 16, 12, 0, -15 },
  { 2567, 2, 21, 6, 2, -15 },
  { 2573, 11, 21, 12, 0, -15 },
  { 2602, 7, 2, 7, 0, -15 },
  { 2604, 16, 16, 16, 0, -15 },
  { 2636, 7, 8, 8, 0, -15 },
  { 2643, 10, 10, 12, 1, -10 },
  { 2656, 11, 8, 13, 1, -11 },
  { 2667, 7, 3, 8, 1, -6 },
  { 2670, 16, 16, 16, 0, -15 },
  { 2702, 12, 2, 12, 0, -18 },
  { 2705, 7, 7, 9, 1, -15 },
  { 2712, 11, 15, 12, 1, -14 },
  { 2733, 6, 8, 7, 0, -15 },
  { 2739, 6, 8, 7, 1, -15 },
  { 2745, 5, 3, 7, 2, -15 },
  { 2747, 11, 16, 13, 1, -11 },
  { 2769, 11, 20, 12, 0, -15 },
  { 2797, 3, 3, 7, 2, -8 },
  { 2799, 6, 4, 7, 0, 1 },
  { 2802, 4, 8, 7, 1, -15 },
  { 2806, 7, 8, 8, 1, -15 },
  { 2813, 10, 10, 12, 1, -10 },
  { 2826, 17, 16, 18, 1, -15 },
  { 2860, 16, 16, 18, 1, -15 },
  { 2892, 18, 16, 18, 0, -15 },
  { 2928, 11, 16, 13, 1, -11 },
  { 4659, 15, 21, 17, 1, -20 },
  { 2988, 15, 20, 15, 0, -19 },
  { 3026, 15, 21, 15, 0, -20 },
  { 3066, 15, 20, 15, 0, -19 },
  { 3104, 15, 19, 15, 0, -18 },
  { 3140, 15, 19, 15, 0, -18 },
  { 3176, 22, 16, 22, -1, -15 },
  { 3220, 14, 20, 16, 1, -15 },
  { 3255, 12, 20, 15, 2, -19 },
  { 3285, 12, 20, 15, 2, -19 },
  { 3315, 12, 21, 15, 2, -20 },
  { 3347, 12, 19, 15, 2, -18 },
  { 4730, 3, 20, 5, 1, -19 },
  { 3389, 5, 20, 5, 0, -19 },
  { 3402, 7, 21, 5, -1, -20 },
  { 3421, 7, 19, 5, -1, -18 },
  { 3438, 15, 16, 16, 0, -15 },
  { 3468, 12, 20, 16, 2, -19 },
  { 3498, 15, 20, 17, 1, -19 },
  { 3536, 15, 20, 17, 1, -19 },
  { 3574, 15, 21, 17, 1, -20 },
  { 3614, 15, 20, 17, 1, -19 },
  { 3652, 15, 19, 17, 1, -18 },
  { 3688, 11, 11, 13, 1, -13 },
  { 3704, 17, 18, 17, 0, -16 },
  { 3743, 12, 20, 16, 2, -19 },
  { 3773, 12, 20, 16, 2, -19 },
  { 3803, 12, 21, 16, 2, -20 },
  { 3835, 12, 19, 16, 2, -18 },
  { 3864, 15, 20, 15, 0, -19 },
  { 4743, 13, 20, 15, 1, -15 },
  { 3926, 11, 16, 13, 1, -15 },
  { 4699, 11, 22, 13, 1, -17 },
  { 3972, 11, 17, 12, 1, -16 },
  { 3996, 11, 18, 12, 1, -17 },
  { 4021, 11, 17, 12, 1, -16 },
  { 4045, 11, 16, 12, 1, -15 },
  { 4067, 11, 18, 12, 1, -17 },
  { 4092, 18, 12, 20, 1, -11 },
  { 4119, 10, 16, 12, 1, -11 },
  { 4139, 10, 17, 12, 1, -16 },
  { 4161, 10, 17, 12, 1, -16 },
  { 4183, 10, 18, 12, 1, -17 },
  { 4206, 10, 16, 12, 1, -15 },
  { 4738, 3, 12, 5, 1, -11 },
  { 4237, 5, 17, 5, 0, -16 },
  { 4248, 7, 18, 5, -1, -17 },
  { 4264, 7, 16, 5, -1, -15 },
  { 4278, 11, 16, 13, 1, -15 },
  { 4300, 11, 17, 13, 1, -16 },
  { 4324, 11, 17, 13, 1, -16 },
  { 4348, 11, 17, 13, 1, -16 },
  { 4372, 11, 18, 13, 1, -17 },
  { 4397, 11, 17, 13, 1, -16 },
  { 4421, 11, 16, 13, 1, -15 },
  { 4443, 11, 11, 12, 0, -12 },
  { 4459, 11, 14, 13, 1, -12 },
  { 4479, 11, 17, 13, 1, -16 },
  { 4503, 11, 17, 13, 1, -16 },
  { 4527, 11, 18, 13, 1, -17 },
  { 4552, 11, 16, 13, 1, -15 },
  { 4574, 11, 21, 11, 0, -16 },
  { 4776, 10, 16, 12, 1, -11 },
  { 4631, 11, 20, 11, 0, -15 },
};
const GFXfont TrSans11 PROGMEM = {(uint8_t *)TrSans11Bitmaps, (GFXglyph *)TrSans11Glyphs, 0x20, 0xFF, 25};

// Türkçe glifli GFX fontu — TrSans18. üretildi, elle yazılmadı — `apps/turnstile/FONTS.md`.
const uint8_t TrSans18Bitmaps[] PROGMEM = {
  0x00, 0xFF, 0xFF, 0xFF, 0xFF, 0xFF, 0xFF, 0xFE, 0xE7, 0x39, 0xCE, 0x73,
  0x80, 0x0F, 0xFF, 0xFF, 0xF8, 0xF8, 0xFF, 0xC7, 0xFE, 0x3F, 0xF1, 0xFF,
  0x8F, 0xFC, 0x7F, 0xE3, 0xEF, 0x0F, 0x70, 0x70, 0x03, 0xC3, 0xC0, 0x78,
  0x78, 0x1F, 0x1F, 0x03, 0xC3, 0xC0, 0x78, 0x78, 0x0F, 0x0F, 0x3F, 0xFF,
  0xFF, 0xFF, 0xFF, 0xFF, 0xFF, 0xFF, 0xFF, 0xFC, 0x3C, 0x3C, 0x07, 0x87,
  0x81, 0xF1, 0xF0, 0x3C, 0x3C, 0x07, 0x87, 0x87, 0xFF, 0xFF, 0xFF, 0xFF,
  0xFF, 0xFF, 0xFF, 0xFF, 0xFF, 0x9E, 0x1E, 0x03, 0xC3, 0xC0, 0x78, 0x78,
  0x1F, 0x1F, 0x03, 0xC3, 0xC0, 0x78, 0x78, 0x00, 0x01, 0x80, 0x01, 0x80,
  0x07, 0xE0, 0x1F, 0xF8, 0x3F, 0xFC, 0x3F, 0xFC, 0x7D, 0xBE, 0x79, 0xBE,
  0x79, 0x98, 0x79, 0x80, 0x7D, 0x80, 0x7F, 0x80, 0x3F, 0xC0, 0x1F, 0xF0,
  0x1F, 0xFC, 0x07, 0xFE, 0x01, 0xFE, 0x01, 0xBF, 0x01, 0x8F, 0x31, 0x8F,
  0xF9, 0x8F, 0xF9, 0x8F, 0x7D, 0x9E, 0x7F, 0xFE, 0x3F, 0xFC, 0x1F, 0xF8,
  0x07, 0xE0, 0x01, 0x80, 0x01, 0x80, 0x01, 0x80, 0x1F, 0x00, 0x1C, 0x03,
  0xF8, 0x03, 0xC0, 0x7F, 0xC0, 0x38, 0x0F, 0xBE, 0x07, 0x80, 0xF1, 0xE0,
  0x70, 0x0F, 0x1E, 0x0F, 0x00, 0xF1, 0xE0, 0xE0, 0x0F, 0x1E, 0x1E, 0x00,
  0xF1, 0xE1, 0xC0, 0x0F, 0xBE, 0x3C, 0x00, 0x7F, 0xC3, 0x80, 0x03, 0xF8,
  0x70, 0x00, 0x1F, 0x07, 0x00, 0x00, 0x00, 0xE0, 0xF8, 0x00, 0x0E, 0x1F,
  0xC0, 0x01, 0xC3, 0xFE, 0x00, 0x1C, 0x7D, 0xF0, 0x03, 0x87, 0x8F, 0x00,
  0x78, 0x78, 0xF0, 0x07, 0x07, 0x8F, 0x00, 0xF0, 0x78, 0xF0, 0x0E, 0x07,
  0x8F, 0x01, 0xE0, 0x7D, 0xF0, 0x1C, 0x03, 0xFE, 0x03, 0xC0, 0x1F, 0xC0,
  0x38, 0x00, 0xF8, 0x01, 0xF8, 0x00, 0x0F, 0xFC, 0x00, 0x3F, 0xFC, 0x00,
  0xFF, 0xFC, 0x01, 0xF9, 0xF8, 0x03, 0xE1, 0xF0, 0x07, 0xC3, 0xE0, 0x0F,
  0xCF, 0xC0, 0x0F, 0xBF, 0x00, 0x0F, 0xFC, 0x00, 0x1F, 0xF0, 0x00, 0x3F,
  0x80, 0x01, 0xFF, 0x80, 0x07, 0xFF, 0x88, 0x1F, 0x9F, 0xBE, 0x3E, 0x3F,
  0x7C, 0xF8, 0x3F, 0xF1, 0xF0, 0x3F, 0xE3, 0xE0, 0x3F, 0x87, 0xC0, 0x7F,
  0x8F, 0xC3, 0xFF, 0x8F, 0xFF, 0xFF, 0xCF, 0xFF, 0xFF, 0x0F, 0xFE, 0x3C,
  0x07, 0xF0, 0x18, 0xFF, 0xFF, 0xFF, 0xFF, 0xEF, 0x70, 0x07, 0x87, 0x87,
  0xC3, 0xC1, 0xE1, 0xF0, 0xF0, 0xF8, 0x7C, 0x3E, 0x1E, 0x1F, 0x0F, 0x87,
  0xC3, 0xE1, 0xF0, 0xF8, 0x7C, 0x3E, 0x1F, 0x0F, 0x83, 0xC1, 0xF0, 0xF8,
  0x7C, 0x1E, 0x0F, 0x83, 0xC1, 0xE0, 0x78, 0x3C, 0x0F, 0xF0, 0x3C, 0x1F,
  0x0F, 0x83, 0xE1, 0xF0, 0x78, 0x3E, 0x1F, 0x0F, 0x83, 0xC1, 0xF0, 0xF8,
  0x7C, 0x3E, 0x1F, 0x0F, 0x87, 0xC3, 0xE1, 0xF0, 0xF8, 0x78, 0x7C, 0x3E,
  0x1F, 0x0F, 0x0F, 0x87, 0x83, 0xC3, 0xC1, 0xE1, 0xE0, 0x07, 0x00, 0x38,
  0x01, 0xC0, 0xCE, 0x67, 0xFF, 0x7F, 0xFC, 0x7F, 0x81, 0xF0, 0x1D, 0xC1,
  0xC7, 0x1E, 0x3C, 0x20, 0x80, 0x01, 0xE0, 0x00, 0x78, 0x00, 0x1E, 0x00,
  0x07, 0x80, 0x01, 0xE0, 0x00, 0x78, 0x00, 0x1E, 0x03, 0xFF, 0xFF, 0xFF,
  0xFF, 0xFF, 0xFF, 0xFF, 0xFF, 0xFC, 0x07, 0x80, 0x01, 0xE0, 0x00, 0x78,
  0x00, 0x1E, 0x00, 0x07, 0x80, 0x01, 0xE0, 0x00, 0x78, 0x00, 0xFF, 0xFF,
  0xFF, 0x8C, 0x67, 0x77, 0x10, 0xFF, 0xFF, 0xFF, 0xFF, 0xFF, 0xFF, 0xFF,
  0xFF, 0x80, 0x03, 0xC0, 0xF0, 0x78, 0x1E, 0x07, 0x81, 0xE0, 0xF0, 0x3C,
  0x0F, 0x03, 0xC1, 0xE0, 0x78, 0x1E, 0x07, 0x83, 0xE0, 0xF0, 0x3C, 0x0F,
  0x07, 0xC1, 0xE0, 0x78, 0x1E, 0x07, 0x83, 0xC0, 0xF0, 0x00, 0x07, 0xE0,
  0x1F, 0xF8, 0x3F, 0xFC, 0x3F, 0xFC, 0x7E, 0x7E, 0x7C, 0x3E, 0x78, 0x3E,
  0xF8, 0x1F, 0xF8, 0x1F, 0xF8, 0x1F, 0xF8, 0x1F, 0xF8, 0x1F, 0xF8, 0x1F,
  0xF8, 0x1F, 0xF8, 0x1F, 0xF8, 0x1F, 0xF8, 0x1F, 0xF8, 0x1F, 0x78, 0x1E,
  0x7C, 0x3E, 0x7E, 0x7E, 0x3F, 0xFC, 0x3F, 0xFC, 0x1F, 0xF8, 0x07, 0xE0,
  0x01, 0xE0, 0x7C, 0x0F, 0x87, 0xF1, 0xFE, 0xFF, 0xFF, 0xFF, 0xDF, 0xE3,
  0xF0, 0x7C, 0x0F, 0x81, 0xF0, 0x3E, 0x07, 0xC0, 0xF8, 0x1F, 0x03, 0xE0,
  0x7C, 0x0F, 0x81, 0xF0, 0x3E, 0x07, 0xC0, 0xF8, 0x1F, 0x03, 0xE0, 0x03,
  0xF0, 0x0F, 0xFC, 0x1F, 0xFE, 0x3F, 0xFE, 0x3E, 0x3F, 0x7C, 0x1F, 0x7C,
  0x1F, 0x7C, 0x1F, 0x00, 0x1F, 0x00, 0x3F, 0x00, 0x3E, 0x00, 0x7E, 0x00,
  0xFC, 0x01, 0xF8, 0x03, 0xF0, 0x07, 0xE0, 0x0F, 0xC0, 0x1F, 0x80, 0x1F,
  0x00, 0x3E, 0x00, 0x7F, 0xFF, 0x7F, 0xFF, 0x7F, 0xFF, 0xFF, 0xFF, 0xFF,
  0xFF, 0x07, 0xE0, 0x1F, 0xF8, 0x3F, 0xFC, 0x3F, 0xFC, 0x7E, 0x7E, 0x7C,
  0x3E, 0x3C, 0x3E, 0x00, 0x3E, 0x00, 0x7C, 0x01, 0xF8, 0x01, 0xF0, 0x01,
  0xF8, 0x01, 0xFC, 0x00, 0x3E, 0x00, 0x1F, 0x00, 0x1F, 0x00, 0x1F, 0x78,
  0x1F, 0xF8, 0x1F, 0xFC, 0x3F, 0x7E, 0x7E, 0x7F, 0xFE, 0x3F, 0xFC, 0x1F,
  0xF8, 0x07, 0xE0, 0x00, 0x3E, 0x00, 0x0F, 0x80, 0x07, 0xE0, 0x03, 0xF8,
  0x00, 0xFE, 0x00, 0x7F, 0x80, 0x3F, 0xE0, 0x0F, 0xF8, 0x07, 0xFE, 0x03,
  0xEF, 0x80, 0xF3, 0xE0, 0x7C, 0xF8, 0x3E, 0x3E, 0x0F, 0x0F, 0x87, 0xC3,
  0xE3, 0xE0, 0xF8, 0xFF, 0xFF, 0xFF, 0xFF, 0xFF, 0xFF, 0xFF, 0xFF, 0xFF,
  0x00, 0x3E, 0x00, 0x0F, 0x80, 0x03, 0xE0, 0x00, 0xF8, 0x00, 0x3E, 0x00,
  0x0F, 0xFE, 0x0F, 0xFE, 0x1F, 0xFE, 0x1F, 0xFE, 0x1F, 0xFE, 0x1F, 0x00,
  0x1F, 0x00, 0x3E, 0x00, 0x3E, 0xF0, 0x3F, 0xF8, 0x3F, 0xFC, 0x7F, 0xFE,
  0x7E, 0x3E, 0x3C, 0x3F, 0x00, 0x1F, 0x00, 0x1F, 0x00, 0x1F, 0x78, 0x1F,
  0xF8, 0x1F, 0xFC, 0x3E, 0x7E, 0x7E, 0x7F, 0xFC, 0x3F, 0xFC, 0x1F, 0xF8,
  0x07, 0xE0, 0x03, 0xE0, 0x0F, 0xF8, 0x1F, 0xFC, 0x3F, 0xFC, 0x7E, 0x7E,
  0x7C, 0x3E, 0x78, 0x3E, 0xF8, 0x00, 0xF8, 0x00, 0xF9, 0xF0, 0xFF, 0xF8,
  0xFF, 0xFC, 0xFF, 0xFE, 0xFC, 0x3E, 0xF8, 0x3F, 0xF8, 0x1F, 0xF8, 0x1F,
  0xF8, 0x1F, 0x78, 0x1F, 0x7C, 0x1F, 0x7E, 0x3E, 0x3F, 0xFE, 0x1F, 0xFC,
  0x0F, 0xF8, 0x07, 0xE0, 0xFF, 0xFF, 0xFF, 0xFF, 0xFF, 0xFF, 0xFF, 0xFF,
  0xFF, 0xFF, 0x00, 0x3E, 0x00, 0x3C, 0x00, 0x78, 0x00, 0xF8, 0x00, 0xF0,
  0x01, 0xF0, 0x01, 0xE0, 0x03, 0xE0, 0x03, 0xC0, 0x07, 0xC0, 0x07, 0xC0,
  0x0F, 0x80, 0x0F, 0x80, 0x0F, 0x80, 0x0F, 0x80, 0x1F, 0x00, 0x1F, 0x00,
  0x1F, 0x00, 0x1F, 0x00, 0x1F, 0x00, 0x07, 0xE0, 0x1F, 0xF8, 0x3F, 0xFC,
  0x3F, 0xFC, 0x7E, 0x7E, 0x7C, 0x3E, 0x7C, 0x3E, 0x7C, 0x3E, 0x7C, 0x3E,
  0x3E, 0x7C, 0x3F, 0xFC, 0x0F, 0xF0, 0x1F, 0xF8, 0x3F, 0xFC, 0x7C, 0x3E,
  0xF8, 0x1F, 0xF8, 0x1F, 0xF8, 0x1F, 0xF8, 0x1F, 0xF8, 0x1F, 0xFC, 0x3E,
  0x7F, 0xFE, 0x3F, 0xFC, 0x1F, 0xF8, 0x07, 0xE0, 0x07, 0xE0, 0x1F, 0xF0,
  0x3F, 0xF8, 0x7F, 0xFC, 0x7C, 0x7E, 0xF8, 0x3E, 0xF8, 0x1E, 0xF8, 0x1F,
  0xF8, 0x1F, 0xF8, 0x1F, 0xFC, 0x1F, 0x7C, 0x3F, 0x7F, 0xFF, 0x3F, 0xFF,
  0x1F, 0xFF, 0x0F, 0x9F, 0x00, 0x1F, 0x00, 0x1F, 0x7C, 0x1E, 0x7C, 0x3E,
  0x7E, 0x3E, 0x3F, 0xFC, 0x3F, 0xF8, 0x1F, 0xF0, 0x07, 0xC0, 0xFF, 0xFF,
  0xFF, 0x80, 0x00, 0x00, 0x00, 0x00, 0x03, 0xFF, 0xFF, 0xFE, 0xFF, 0xFF,
  0xFF, 0x80, 0x00, 0x00, 0x00, 0x00, 0x03, 0xFF, 0xFF, 0xFE, 0x31, 0x9D,
  0xDC, 0x40, 0x00, 0x00, 0x80, 0x01, 0xC0, 0x07, 0xE0, 0x0F, 0xF0, 0x1F,
  0xF0, 0x7F, 0xC0, 0xFF, 0x81, 0xFE, 0x00, 0xFC, 0x00, 0x78, 0x00, 0x3F,
  0x00, 0x1F, 0xF0, 0x03, 0xFE, 0x00, 0x7F, 0xC0, 0x07, 0xFC, 0x00, 0xFF,
  0x00, 0x1F, 0x80, 0x01, 0xC0, 0x00, 0x20, 0xFF, 0xFF, 0xFF, 0xFF, 0xFF,
  0xFF, 0xFF, 0xFF, 0xF0, 0x00, 0x00, 0x00, 0x00, 0x00, 0x01, 0xFF, 0xFF,
  0xFF, 0xFF, 0xFF, 0xFF, 0xFF, 0xFF, 0xE0, 0x80, 0x00, 0x70, 0x00, 0x3F,
  0x00, 0x1F, 0xE0, 0x07, 0xFC, 0x00, 0x7F, 0xC0, 0x0F, 0xF8, 0x00, 0xFF,
  0x00, 0x1F, 0x80, 0x03, 0xC0, 0x07, 0xE0, 0x0F, 0xF0, 0x3F, 0xE0, 0x7F,
  0xC1, 0xFF, 0x01, 0xFE, 0x00, 0xFC, 0x00, 0x70, 0x00, 0x20, 0x00, 0x00,
  0x07, 0xF8, 0x07, 0xFF, 0x83, 0xFF, 0xF1, 0xFF, 0xFE, 0x7E, 0x1F, 0xBF,
  0x01, 0xFF, 0x80, 0x7C, 0x00, 0x1F, 0x00, 0x0F, 0xC0, 0x07, 0xE0, 0x03,
  0xF8, 0x01, 0xFC, 0x00, 0xFE, 0x00, 0x7E, 0x00, 0x3F, 0x00, 0x0F, 0x80,
  0x03, 0xE0, 0x00, 0xF8, 0x00, 0x00, 0x00, 0x00, 0x00, 0x03, 0xE0, 0x00,
  0xF8, 0x00, 0x3E, 0x00, 0x0F, 0x80, 0x03, 0xE0, 0x00, 0x00, 0x07, 0xFC,
  0x00, 0x00, 0x1F, 0xFF, 0xC0, 0x00, 0x3F, 0xFF, 0xF8, 0x00, 0x7F, 0xFF,
  0xFE, 0x00, 0x7F, 0x80, 0x7F, 0x80, 0x7F, 0x00, 0x07, 0xE0, 0x3E, 0x1E,
  0x3D, 0xF0, 0x3E, 0x3F, 0xBE, 0x7C, 0x3E, 0x3F, 0xFF, 0x1E, 0x1E, 0x3F,
  0xFF, 0x8F, 0x9F, 0x1F, 0x1F, 0xC3, 0xCF, 0x1F, 0x07, 0xE1, 0xE7, 0x8F,
  0x03, 0xE0, 0xF7, 0xC7, 0x81, 0xF0, 0x7B, 0xC7, 0x80, 0xF8, 0x3D, 0xE3,
  0xC0, 0x7C, 0x1E, 0xF1, 0xE0, 0x3E, 0x1E, 0x78, 0xF0, 0x3E, 0x0F, 0x3C,
  0x78, 0x1F, 0x0F, 0x9E, 0x3C, 0x1F, 0x8F, 0x8F, 0x1F, 0x1F, 0xCF, 0x87,
  0x87, 0xFF, 0xFF, 0x81, 0xE3, 0xFF, 0xFF, 0x80, 0xF0, 0xFE, 0xFF, 0x80,
  0x7C, 0x3E, 0x3E, 0x00, 0x1E, 0x00, 0x00, 0x07, 0xCF, 0x80, 0x00, 0x07,
  0xC3, 0xE0, 0x00, 0x07, 0xE1, 0xFC, 0x00, 0x0F, 0xE0, 0x7F, 0xC0, 0x1F,
  0xE0, 0x0F, 0xFF, 0xFF, 0xE0, 0x03, 0xFF, 0xFF, 0xE0, 0x00, 0x7F, 0xFF,
  0xC0, 0x00, 0x03, 0xFE, 0x00, 0x00, 0x00, 0xFE, 0x00, 0x01, 0xFC, 0x00,
  0x07, 0xFC, 0x00, 0x0F, 0xF8, 0x00, 0x1E, 0xF0, 0x00, 0x7D, 0xF0, 0x00,
  0xFB, 0xE0, 0x01, 0xE3, 0xC0, 0x07, 0xC7, 0xC0, 0x0F, 0x8F, 0x80, 0x1F,
  0x1F, 0x00, 0x7C, 0x1F, 0x00, 0xF8, 0x3E, 0x01, 0xF0, 0x7C, 0x07, 0xC0,
  0x7C, 0x0F, 0xFF, 0xF8, 0x1F, 0xFF, 0xF0, 0x7F, 0xFF, 0xF0, 0xFF, 0xFF,
  0xE1, 0xF0, 0x07, 0xC7, 0xE0, 0x0F, 0xCF, 0x80, 0x0F, 0x9F, 0x00, 0x1F,
  0x7E, 0x00, 0x3F, 0xF8, 0x00, 0x3E, 0xFF, 0xFE, 0x0F, 0xFF, 0xF8, 0xFF,
  0xFF, 0xCF, 0xFF, 0xFC, 0xF8, 0x07, 0xEF, 0x80, 0x3E, 0xF8, 0x03, 0xEF,
  0x80, 0x3E, 0xF8, 0x03, 0xEF, 0x80, 0x7C, 0xFF, 0xFF, 0x8F, 0xFF, 0xF0,
  0xFF, 0xFF, 0x8F, 0xFF, 0xFC, 0xF8, 0x07, 0xEF, 0x80, 0x3F, 0xF8, 0x01,
  0xFF, 0x80, 0x1F, 0xF8, 0x01, 0xFF, 0x80, 0x1F, 0xF8, 0x07, 0xEF, 0xFF,
  0xFE, 0xFF, 0xFF, 0xCF, 0xFF, 0xF8, 0xFF, 0xFF, 0x00, 0x00, 0xFF, 0x00,
  0x0F, 0xFF, 0x00, 0xFF, 0xFE, 0x07, 0xFF, 0xFC, 0x3F, 0x83, 0xF8, 0xF8,
  0x03, 0xE7, 0xC0, 0x0F, 0xDF, 0x00, 0x1C, 0xF8, 0x00, 0x03, 0xE0, 0x00,
  0x0F, 0x80, 0x00, 0x3E, 0x00, 0x00, 0xF8, 0x00, 0x03, 0xE0, 0x00, 0x0F,
  0x80, 0x00, 0x3E, 0x00, 0x00, 0xF8, 0x00, 0x41, 0xF0, 0x03, 0xE7, 0xC0,
  0x0F, 0xCF, 0x80, 0x7E, 0x3F, 0x83, 0xF8, 0x7F, 0xFF, 0xC0, 0xFF, 0xFE,
  0x01, 0xFF, 0xF0, 0x00, 0xFE, 0x00, 0xFF, 0xFC, 0x07, 0xFF, 0xF8, 0x3F,
  0xFF, 0xF1, 0xFF, 0xFF, 0x8F, 0x80, 0xFE, 0x7C, 0x01, 0xFB, 0xE0, 0x07,
  0xDF, 0x00, 0x3E, 0xF8, 0x00, 0xFF, 0xC0, 0x07, 0xFE, 0x00, 0x3F, 0xF0,
  0x01, 0xFF, 0x80, 0x0F, 0xFC, 0x00, 0x7F, 0xE0, 0x03, 0xFF, 0x00, 0x1F,
  0xF8, 0x00, 0xFF, 0xC0, 0x0F, 0xBE, 0x00, 0x7D, 0xF0, 0x07, 0xEF, 0x80,
  0x7E, 0x7F, 0xFF, 0xE3, 0xFF, 0xFF, 0x1F, 0xFF, 0xE0, 0xFF, 0xFC, 0x00,
  0xFF, 0xFF, 0xFF, 0xFF, 0xFF, 0xFF, 0xFF, 0xFF, 0xFF, 0xF8, 0x00, 0x3E,
  0x00, 0x0F, 0x80, 0x03, 0xE0, 0x00, 0xF8, 0x00, 0x3E, 0x00, 0x0F, 0xFF,
  0xFB, 0xFF, 0xFE, 0xFF, 0xFF, 0xBF, 0xFF, 0xEF, 0x80, 0x03, 0xE0, 0x00,
  0xF8, 0x00, 0x3E, 0x00, 0x0F, 0x80, 0x03, 0xE0, 0x00, 0xF8, 0x00, 0x3F,
  0xFF, 0xFF, 0xFF, 0xFF, 0xFF, 0xFF, 0xFF, 0xFF, 0xC0, 0xFF, 0xFF, 0xFF,
  0xFF, 0xFF, 0xFF, 0xFF, 0xFF, 0xF8, 0x00, 0xF8, 0x00, 0xF8, 0x00, 0xF8,
  0x00, 0xF8, 0x00, 0xF8, 0x00, 0xFF, 0xFC, 0xFF, 0xFC, 0xFF, 0xFC, 0xFF,
  0xFC, 0xF8, 0x00, 0xF8, 0x00, 0xF8, 0x00, 0xF8, 0x00, 0xF8, 0x00, 0xF8,
  0x00, 0xF8, 0x00, 0xF8, 0x00, 0xF8, 0x00, 0xF8, 0x00, 0xF8, 0x00, 0x00,
  0x7F, 0x80, 0x03, 0xFF, 0xF0, 0x07, 0xFF, 0xF8, 0x1F, 0xFF, 0xFC, 0x3F,
  0xC0, 0xFE, 0x3F, 0x00, 0x7F, 0x7E, 0x00, 0x3F, 0x7C, 0x00, 0x1C, 0x7C,
  0x00, 0x00, 0xF8, 0x00, 0x00, 0xF8, 0x00, 0x00, 0xF8, 0x00, 0x00, 0xF8,
  0x07, 0xFF, 0xF8, 0x07, 0xFF, 0xF8, 0x07, 0xFF, 0xF8, 0x07, 0xFF, 0x7C,
  0x00, 0x1F, 0x7C, 0x00, 0x1F, 0x7E, 0x00, 0x1F, 0x3F, 0x00, 0x3F, 0x3F,
  0xC0, 0xFF, 0x1F, 0xFF, 0xFF, 0x07, 0xFF, 0xFE, 0x03, 0xFF, 0xF0, 0x00,
  0x7F, 0x80, 0xF8, 0x03, 0xFF, 0x00, 0x7F, 0xE0, 0x0F, 0xFC, 0x01, 0xFF,
  0x80, 0x3F, 0xF0, 0x07, 0xFE, 0x00, 0xFF, 0xC0, 0x1F, 0xF8, 0x03, 0xFF,
  0x00, 0x7F, 0xFF, 0xFF, 0xFF, 0xFF, 0xFF, 0xFF, 0xFF, 0xFF, 0xFF, 0xFE,
  0x00, 0xFF, 0xC0, 0x1F, 0xF8, 0x03, 0xFF, 0x00, 0x7F, 0xE0, 0x0F, 0xFC,
  0x01, 0xFF, 0x80, 0x3F, 0xF0, 0x07, 0xFE, 0x00, 0xFF, 0xC0, 0x1F, 0xF8,
  0x03, 0xE0, 0xFF, 0xFF, 0xFF, 0xFF, 0xFF, 0xFF, 0xFF, 0xFF, 0xFF, 0xFF,
  0xFF, 0xFF, 0xFF, 0xFF, 0xFF, 0xF8, 0x00, 0x3E, 0x00, 0x7C, 0x00, 0xF8,
  0x01, 0xF0, 0x03, 0xE0, 0x07, 0xC0, 0x0F, 0x80, 0x1F, 0x00, 0x3E, 0x00,
  0x7C, 0x00, 0xF8, 0x01, 0xF0, 0x03, 0xE0, 0x07, 0xC0, 0x0F, 0x80, 0x1F,
  0x00, 0x3F, 0xF0, 0x7F, 0xE0, 0xFF, 0xC1, 0xFF, 0xC7, 0xCF, 0xFF, 0x9F,
  0xFE, 0x1F, 0xF8, 0x0F, 0xC0, 0xF8, 0x01, 0xFB, 0xE0, 0x0F, 0xCF, 0x80,
  0x7E, 0x3E, 0x03, 0xF0, 0xF8, 0x1F, 0x83, 0xE0, 0xFC, 0x0F, 0x87, 0xE0,
  0x3E, 0x3F, 0x00, 0xF9, 0xF8, 0x03, 0xEF, 0xC0, 0x0F, 0xFF, 0x80, 0x3F,
  0xFE, 0x00, 0xFF, 0xFC, 0x03, 0xFF, 0xF8, 0x0F, 0xF3, 0xE0, 0x3F, 0x8F,
  0xC0, 0xFC, 0x1F, 0x03, 0xE0, 0x7E, 0x0F, 0x80, 0xFC, 0x3E, 0x01, 0xF0,
  0xF8, 0x07, 0xE3, 0xE0, 0x0F, 0x8F, 0x80, 0x3F, 0x3E, 0x00, 0x7E, 0xF8,
  0x00, 0xF8, 0xF8, 0x00, 0x7C, 0x00, 0x3E, 0x00, 0x1F, 0x00, 0x0F, 0x80,
  0x07, 0xC0, 0x03, 0xE0, 0x01, 0xF0, 0x00, 0xF8, 0x00, 0x7C, 0x00, 0x3E,
  0x00, 0x1F, 0x00, 0x0F, 0x80, 0x07, 0xC0, 0x03, 0xE0, 0x01, 0xF0, 0x00,
  0xF8, 0x00, 0x7C, 0x00, 0x3E, 0x00, 0x1F, 0x00, 0x0F, 0x80, 0x07, 0xFF,
  0xFF, 0xFF, 0xFF, 0xFF, 0xFF, 0xFF, 0xFF, 0x80, 0xFE, 0x00, 0xFF, 0xFC,
  0x01, 0xFF, 0xFC, 0x07, 0xFF, 0xF8, 0x0F, 0xFF, 0xF0, 0x1F, 0xFF, 0xE0,
  0x3B, 0xFD, 0xE0, 0xF7, 0xFB, 0xC1, 0xEF, 0xF7, 0x83, 0xDF, 0xE7, 0x07,
  0x3F, 0xCF, 0x1E, 0x7F, 0x9E, 0x3C, 0xFF, 0x3C, 0x71, 0xFE, 0x38, 0xE3,
  0xFC, 0x71, 0xC7, 0xF8, 0xF7, 0x8F, 0xF0, 0xEE, 0x1F, 0xE1, 0xDC, 0x3F,
  0xC3, 0xB8, 0x7F, 0x87, 0xE0, 0xFF, 0x07, 0xC1, 0xFE, 0x0F, 0x83, 0xFC,
  0x1F, 0x07, 0xF8, 0x1C, 0x0F, 0xF0, 0x38, 0x1E, 0xFC, 0x01, 0xFF, 0x80,
  0x3F, 0xF8, 0x07, 0xFF, 0x00, 0xFF, 0xF0, 0x1F, 0xFE, 0x03, 0xFF, 0xE0,
  0x7F, 0xBC, 0x0F, 0xF7, 0xC1, 0xFE, 0x78, 0x3F, 0xCF, 0x87, 0xF8, 0xF0,
  0xFF, 0x1F, 0x1F, 0xE1, 0xE3, 0xFC, 0x3E, 0x7F, 0x83, 0xCF, 0xF0, 0x7D,
  0xFE, 0x07, 0xBF, 0xC0, 0xF7, 0xF8, 0x0F, 0xFF, 0x01, 0xFF, 0xE0, 0x1F,
  0xFC, 0x03, 0xFF, 0x80, 0x3F, 0xF0, 0x07, 0xE0, 0x00, 0xFF, 0x00, 0x03,
  0xFF, 0xC0, 0x0F, 0xFF, 0xF0, 0x1F, 0xFF, 0xF8, 0x3F, 0x81, 0xFC, 0x3F,
  0x00, 0xFC, 0x7E, 0x00, 0x7E, 0x7C, 0x00, 0x3E, 0xFC, 0x00, 0x3F, 0xF8,
  0x00, 0x1F, 0xF8, 0x00, 0x1F, 0xF8, 0x00, 0x1F, 0xF8, 0x00, 0x1F, 0xF8,
  0x00, 0x1F, 0xF8, 0x00, 0x1F, 0xF8, 0x00, 0x1F, 0xFC, 0x00, 0x3F, 0x7C,
  0x00, 0x3E, 0x7E, 0x00, 0x7E, 0x3F, 0x00, 0xFC, 0x3F, 0x81, 0xFC, 0x1F,
  0xFF, 0xF8, 0x0F, 0xFF, 0xF0, 0x03, 0xFF, 0xC0, 0x00, 0xFF, 0x00, 0xFF,
  0xFC, 0x1F, 0xFF, 0xE3, 0xFF, 0xFE, 0x7F, 0xFF, 0xEF, 0x80, 0xFD, 0xF0,
  0x0F, 0xFE, 0x00, 0xFF, 0xC0, 0x1F, 0xF8, 0x03, 0xFF, 0x00, 0x7F, 0xE0,
  0x1F, 0xFC, 0x07, 0xEF, 0xFF, 0xFD, 0xFF, 0xFF, 0x3F, 0xFF, 0xC7, 0xFF,
  0xE0, 0xF8, 0x00, 0x1F, 0x00, 0x03, 0xE0, 0x00, 0x7C, 0x00, 0x0F, 0x80,
  0x01, 0xF0, 0x00, 0x3E, 0x00, 0x07, 0xC0, 0x00, 0xF8, 0x00, 0x00, 0x00,
  0xFE, 0x00, 0x07, 0xFF, 0xC0, 0x0F, 0xFF, 0xE0, 0x1F, 0xFF, 0xF0, 0x3F,
  0x83, 0xF8, 0x3E, 0x00, 0xFC, 0x7C, 0x00, 0xFC, 0x7C, 0x00, 0x7C, 0xFC,
  0x00, 0x7E, 0xF8, 0x00, 0x3E, 0xF8, 0x00, 0x3E, 0xF8, 0x00, 0x3E, 0xF8,
  0x00, 0x3E, 0xF8, 0x00, 0x3E, 0xF8, 0x00, 0x3E, 0xF8, 0x00, 0x3E, 0xFC,
  0x18, 0x7C, 0x7C, 0x1C, 0x7C, 0x7C, 0x3F, 0xFC, 0x7E, 0x1F, 0xF8, 0x3F,
  0x87, 0xF0, 0x1F, 0xFF, 0xF8, 0x0F, 0xFF, 0xFE, 0x07, 0xFF, 0xFF, 0x00,
  0xFE, 0x3E, 0x00, 0x00, 0x1E, 0x00, 0x00, 0x04, 0xFF, 0xFE, 0x03, 0xFF,
  0xFE, 0x0F, 0xFF, 0xFC, 0x3F, 0xFF, 0xF8, 0xF8, 0x03, 0xF3, 0xE0, 0x07,
  0xCF, 0x80, 0x1F, 0x3E, 0x00, 0x7C, 0xF8, 0x01, 0xF3, 0xE0, 0x0F, 0xCF,
  0x80, 0x7E, 0x3F, 0xFF, 0xF8, 0xFF, 0xFF, 0xC3, 0xFF, 0xFE, 0x0F, 0xFF,
  0xC0, 0x3E, 0x1F, 0x80, 0xF8, 0x3F, 0x03, 0xE0, 0x7E, 0x0F, 0x80, 0xFC,
  0x3E, 0x01, 0xF8, 0xF8, 0x03, 0xE3, 0xE0, 0x0F, 0xCF, 0x80, 0x1F, 0x3E,
  0x00, 0x7E, 0xF8, 0x00, 0xFC, 0x03, 0xFC, 0x00, 0xFF, 0xF0, 0x1F, 0xFF,
  0x83, 0xFF, 0xFC, 0x7E, 0x0F, 0xC7, 0xC0, 0x7E, 0x7C, 0x03, 0xE7, 0xC0,
  0x3E, 0x7E, 0x00, 0x03, 0xFC, 0x00, 0x3F, 0xFC, 0x01, 0xFF, 0xF0, 0x0F,
  0xFF, 0xC0, 0x1F, 0xFE, 0x00, 0x1F, 0xE0, 0x00, 0x3F, 0xF8, 0x01, 0xFF,
  0x80, 0x1F, 0xFC, 0x01, 0xF7, 0xC0, 0x3F, 0x7F, 0x07, 0xE3, 0xFF, 0xFE,
  0x1F, 0xFF, 0xC0, 0xFF, 0xF8, 0x03, 0xFE, 0x00, 0xFF, 0xFF, 0xFF, 0xFF,
  0xFF, 0xFF, 0xFF, 0xFF, 0xFF, 0xF0, 0x1F, 0x00, 0x03, 0xE0, 0x00, 0x7C,
  0x00, 0x0F, 0x80, 0x01, 0xF0, 0x00, 0x3E, 0x00, 0x07, 0xC0, 0x00, 0xF8,
  0x00, 0x1F, 0x00, 0x03, 0xE0, 0x00, 0x7C, 0x00, 0x0F, 0x80, 0x01, 0xF0,
  0x00, 0x3E, 0x00, 0x07, 0xC0, 0x00, 0xF8, 0x00, 0x1F, 0x00, 0x03, 0xE0,
  0x00, 0x7C, 0x00, 0x0F, 0x80, 0x01, 0xF0, 0x00, 0xF8, 0x03, 0xFF, 0x00,
  0x7F, 0xE0, 0x0F, 0xFC, 0x01, 0xFF, 0x80, 0x3F, 0xF0, 0x07, 0xFE, 0x00,
  0xFF, 0xC0, 0x1F, 0xF8, 0x03, 0xFF, 0x00, 0x7F, 0xE0, 0x0F, 0xFC, 0x01,
  0xFF, 0x80, 0x3F, 0xF0, 0x07, 0xFE, 0x00, 0xFF, 0xC0, 0x1F, 0xF8, 0x03,
  0xFF, 0x00, 0x7F, 0xE0, 0x0F, 0xFE, 0x03, 0xF7, 0xE0, 0xFC, 0xFF, 0xFF,
  0x8F, 0xFF, 0xE0, 0xFF, 0xF8, 0x07, 0xFC, 0x00, 0xF8, 0x00, 0x3E, 0xF8,
  0x00, 0xF9, 0xF0, 0x01, 0xF3, 0xE0, 0x03, 0xE3, 0xE0, 0x0F, 0x87, 0xC0,
  0x1F, 0x0F, 0x80, 0x3E, 0x0F, 0x80, 0xF8, 0x1F, 0x01, 0xF0, 0x3E, 0x03,
  0xE0, 0x3E, 0x0F, 0x80, 0x7C, 0x1F, 0x00, 0xF8, 0x3E, 0x00, 0xF0, 0x78,
  0x01, 0xF1, 0xF0, 0x03, 0xE3, 0xE0, 0x03, 0xC7, 0x80, 0x07, 0xDF, 0x00,
  0x0F, 0xBE, 0x00, 0x0F, 0x78, 0x00, 0x1F, 0xF0, 0x00, 0x3F, 0xE0, 0x00,
  0x3F, 0x80, 0x00, 0x7F, 0x00, 0x00, 0xFC, 0x00, 0xF8, 0x03, 0xE0, 0x0F,
  0xFC, 0x01, 0xF0, 0x07, 0xFF, 0x01, 0xFC, 0x07, 0xEF, 0x80, 0xFE, 0x03,
  0xE7, 0xC0, 0x7F, 0x01, 0xF3, 0xE0, 0x7B, 0x80, 0xF9, 0xF0, 0x3D, 0xE0,
  0x7C, 0xF8, 0x1E, 0xF0, 0x3E, 0x3E, 0x0F, 0x78, 0x3E, 0x1F, 0x0F, 0x1E,
  0x1F, 0x0F, 0x87, 0x8F, 0x0F, 0x87, 0xC3, 0xC7, 0x87, 0xC3, 0xE3, 0xC1,
  0xC3, 0xE0, 0xF1, 0xE0, 0xF1, 0xE0, 0x7C, 0xF0, 0x79, 0xF0, 0x3E, 0x70,
  0x1C, 0xF8, 0x1F, 0x78, 0x0F, 0x7C, 0x0F, 0xBC, 0x07, 0xBE, 0x03, 0xDC,
  0x01, 0xDE, 0x01, 0xFE, 0x00, 0xFF, 0x00, 0xFF, 0x00, 0x7F, 0x80, 0x7F,
  0x00, 0x3F, 0xC0, 0x3F, 0x80, 0x0F, 0xE0, 0x0F, 0xC0, 0x07, 0xE0, 0x07,
  0xE0, 0x03, 0xF0, 0x00, 0x3E, 0x00, 0xF8, 0x7E, 0x03, 0xF0, 0x7C, 0x07,
  0xC0, 0x7C, 0x1F, 0x00, 0xF8, 0x7E, 0x00, 0xF8, 0xF8, 0x00, 0xFB, 0xE0,
  0x01, 0xF7, 0xC0, 0x01, 0xFF, 0x00, 0x03, 0xFE, 0x00, 0x03, 0xF8, 0x00,
  0x03, 0xE0, 0x00, 0x0F, 0xE0, 0x00, 0x1F, 0xC0, 0x00, 0x7F, 0xC0, 0x01,
  0xFF, 0xC0, 0x03, 0xEF, 0x80, 0x0F, 0xDF, 0x80, 0x3F, 0x1F, 0x00, 0x7C,
  0x1F, 0x01, 0xF8, 0x3F, 0x03, 0xE0, 0x3E, 0x0F, 0x80, 0x3E, 0x3F, 0x00,
  0x7E, 0x7C, 0x00, 0x7C, 0x7E, 0x00, 0x3F, 0x3F, 0x00, 0x1F, 0x8F, 0xC0,
  0x1F, 0x83, 0xE0, 0x0F, 0x81, 0xF8, 0x0F, 0xC0, 0x7E, 0x0F, 0xC0, 0x1F,
  0x07, 0xC0, 0x0F, 0xC7, 0xE0, 0x03, 0xE3, 0xE0, 0x00, 0xFB, 0xE0, 0x00,
  0x7F, 0xF0, 0x00, 0x1F, 0xF0, 0x00, 0x07, 0xF0, 0x00, 0x03, 0xF8, 0x00,
  0x00, 0xF8, 0x00, 0x00, 0x7C, 0x00, 0x00, 0x3E, 0x00, 0x00, 0x1F, 0x00,
  0x00, 0x0F, 0x80, 0x00, 0x07, 0xC0, 0x00, 0x03, 0xE0, 0x00, 0x01, 0xF0,
  0x00, 0x00, 0xF8, 0x00, 0x00, 0x7C, 0x00, 0x00, 0x3E, 0x00, 0x00, 0x3F,
  0xFF, 0xF3, 0xFF, 0xFF, 0x3F, 0xFF, 0xF3, 0xFF, 0xFF, 0x00, 0x03, 0xF0,
  0x00, 0x7E, 0x00, 0x0F, 0xC0, 0x01, 0xF8, 0x00, 0x3F, 0x00, 0x03, 0xE0,
  0x00, 0x7C, 0x00, 0x0F, 0xC0, 0x01, 0xF8, 0x00, 0x3F, 0x00, 0x07, 0xE0,
  0x00, 0x7C, 0x00, 0x0F, 0x80, 0x01, 0xF0, 0x00, 0x3F, 0x00, 0x07, 0xE0,
  0x00, 0xFC, 0x00, 0x0F, 0xFF, 0xFF, 0xFF, 0xFF, 0xFF, 0xFF, 0xFF, 0xFF,
  0xFF, 0xF0, 0xFF, 0xFF, 0xFF, 0xFF, 0xFF, 0x87, 0xC3, 0xE1, 0xF0, 0xF8,
  0x7C, 0x3E, 0x1F, 0x0F, 0x87, 0xC3, 0xE1, 0xF0, 0xF8, 0x7C, 0x3E, 0x1F,
  0x0F, 0x87, 0xC3, 0xE1, 0xF0, 0xF8, 0x7C, 0x3E, 0x1F, 0x0F, 0xFF, 0xFF,
  0xFF, 0xFF, 0xF0, 0x3C, 0x07, 0x81, 0xE0, 0x78, 0x1E, 0x07, 0xC0, 0xF0,
  0x3C, 0x0F, 0x03, 0xE0, 0x78, 0x1E, 0x07, 0x81, 0xE0, 0x3C, 0x0F, 0x03,
  0xC0, 0xF0, 0x1E, 0x07, 0x81, 0xE0, 0x78, 0x0F, 0x03, 0xC0, 0xFF, 0xFF,
  0xFF, 0xFF, 0xF0, 0xF8, 0x7C, 0x3E, 0x1F, 0x0F, 0x87, 0xC3, 0xE1, 0xF0,
  0xF8, 0x7C, 0x3E, 0x1F, 0x0F, 0x87, 0xC3, 0xE1, 0xF0, 0xF8, 0x7C, 0x3E,
  0x1F, 0x0F, 0x87, 0xC3, 0xE1, 0xFF, 0xFF, 0xFF, 0xFF, 0xFF, 0x03, 0xC0,
  0x03, 0xE0, 0x07, 0xE0, 0x07, 0xE0, 0x0F, 0xF0, 0x0F, 0xF0, 0x1F, 0xF8,
  0x1E, 0x78, 0x3E, 0x7C, 0x3E, 0x7C, 0x3C, 0x3C, 0x7C, 0x3E, 0x7C, 0x3E,
  0xF8, 0x1F, 0xFF, 0xFF, 0xFF, 0xFF, 0xFF, 0xFF, 0xFF, 0xFF, 0xFF, 0xFF,
  0xF8, 0xF0, 0xF0, 0xE0, 0xE0, 0x07, 0xF8, 0x0F, 0xFE, 0x0F, 0xFF, 0x87,
  0xFF, 0xE7, 0xC3, 0xF0, 0xC0, 0xF8, 0x00, 0x7C, 0x00, 0xFE, 0x07, 0xFF,
  0x1F, 0xFF, 0x9F, 0xE7, 0xDF, 0x83, 0xEF, 0x81, 0xF7, 0xC0, 0xFB, 0xF1,
  0xFD, 0xFF, 0xFE, 0x7F, 0xFF, 0x1F, 0xE7, 0x87, 0xC3, 0xE0, 0xF8, 0x00,
  0x7C, 0x00, 0x3E, 0x00, 0x1F, 0x00, 0x0F, 0x80, 0x07, 0xC0, 0x03, 0xE3,
  0xE1, 0xF7, 0xF8, 0xFF, 0xFE, 0x7F, 0xFF, 0xBF, 0x8F, 0xDF, 0x83, 0xFF,
  0x80, 0xFF, 0xC0, 0x7F, 0xE0, 0x3F, 0xF0, 0x1F, 0xF8, 0x0F, 0xFC, 0x07,
  0xFE, 0x03, 0xFF, 0x83, 0xEF, 0xE3, 0xF7, 0xFF, 0xFB, 0xFF, 0xF9, 0xEF,
  0xF8, 0xF1, 0xF0, 0x00, 0x03, 0xF0, 0x07, 0xFE, 0x0F, 0xFF, 0x87, 0xFF,
  0xE7, 0xE1, 0xF3, 0xE0, 0xFF, 0xE0, 0x39, 0xF0, 0x00, 0xF8, 0x00, 0x7C,
  0x00, 0x3E, 0x00, 0x1F, 0x01, 0xCF, 0x80, 0xFB, 0xE0, 0xFD, 0xF8, 0xFC,
  0x7F, 0xFE, 0x3F, 0xFE, 0x0F, 0xFE, 0x01, 0xFC, 0x00, 0x00, 0x0F, 0x80,
  0x07, 0xC0, 0x03, 0xE0, 0x01, 0xF0, 0x00, 0xF8, 0x00, 0x7C, 0x1E, 0x3E,
  0x3F, 0xDF, 0x3F, 0xFF, 0xBF, 0xFF, 0xDF, 0x8F, 0xFF, 0x83, 0xFF, 0x80,
  0xFF, 0xC0, 0x7F, 0xE0, 0x3F, 0xF0, 0x1F, 0xF8, 0x0F, 0xFC, 0x07, 0xFE,
  0x03, 0xEF, 0x83, 0xF7, 0xE3, 0xFB, 0xFF, 0xFC, 0xFF, 0xFE, 0x3F, 0xEF,
  0x07, 0xC7, 0x80, 0x07, 0xF0, 0x07, 0xFC, 0x0F, 0xFF, 0x87, 0xFF, 0xC7,
  0xE3, 0xF3, 0xE0, 0xFB, 0xE0, 0x3F, 0xF0, 0x1F, 0xFF, 0xFF, 0xFF, 0xFF,
  0xFF, 0xFF, 0xFF, 0x00, 0x0F, 0x80, 0x03, 0xE0, 0x01, 0xF8, 0x78, 0x7F,
  0xFF, 0x3F, 0xFF, 0x0F, 0xFF, 0x01, 0xFE, 0x00, 0x03, 0xF0, 0x7F, 0xC7,
  0xFE, 0x3F, 0xF1, 0xF0, 0x0F, 0x83, 0xFF, 0xDF, 0xFE, 0xFF, 0xF7, 0xFF,
  0x87, 0xC0, 0x3E, 0x01, 0xF0, 0x0F, 0x80, 0x7C, 0x03, 0xE0, 0x1F, 0x00,
  0xF8, 0x07, 0xC0, 0x3E, 0x01, 0xF0, 0x0F, 0x80, 0x7C, 0x03, 0xE0, 0x1F,
  0x00, 0x07, 0xC7, 0x8F, 0xFB, 0xCF, 0xFD, 0xEF, 0xFF, 0xF7, 0xE3, 0xFB,
  0xE0, 0xFF, 0xE0, 0x3F, 0xF0, 0x1F, 0xF8, 0x0F, 0xFC, 0x07, 0xFE, 0x03,
  0xFF, 0x01, 0xFF, 0x80, 0xFB, 0xE0, 0xFD, 0xF8, 0xFE, 0xFF, 0xFF, 0x3F,
  0xFF, 0x8F, 0xFF, 0xC1, 0xF3, 0xE0, 0x01, 0xF7, 0x00, 0xFB, 0xE0, 0xFD,
  0xFF, 0xFC, 0x7F, 0xFE, 0x1F, 0xFE, 0x03, 0xFC, 0x00, 0xF8, 0x00, 0xF8,
  0x00, 0xF8, 0x00, 0xF8, 0x00, 0xF8, 0x00, 0xF8, 0x00, 0xF8, 0xF8, 0xF9,
  0xFC, 0xFB, 0xFE, 0xFF, 0xFF, 0xFE, 0x3F, 0xFC, 0x1F, 0xF8, 0x1F, 0xF8,
  0x1F, 0xF8, 0x1F, 0xF8, 0x1F, 0xF8, 0x1F, 0xF8, 0x1F, 0xF8, 0x1F, 0xF8,
  0x1F, 0xF8, 0x1F, 0xF8, 0x1F, 0xF8, 0x1F, 0xF8, 0x1F, 0xF8, 0x1F, 0xFF,
  0xFF, 0xF0, 0x03, 0xFF, 0xFF, 0xFF, 0xFF, 0xFF, 0xFF, 0xFF, 0xFF, 0xFF,
  0xFF, 0xFF, 0xF8, 0x0F, 0x87, 0xC3, 0xE1, 0xF0, 0x00, 0x00, 0x3E, 0x1F,
  0x0F, 0x87, 0xC3, 0xE1, 0xF0, 0xF8, 0x7C, 0x3E, 0x1F, 0x0F, 0x87, 0xC3,
  0xE1, 0xF0, 0xF8, 0x7C, 0x3E, 0x1F, 0x0F, 0x87, 0xC3, 0xE3, 0xFF, 0xFF,
  0xFB, 0xFD, 0xF8, 0xF8, 0x00, 0xF8, 0x00, 0xF8, 0x00, 0xF8, 0x00, 0xF8,
  0x00, 0xF8, 0x00, 0xF8, 0x7E, 0xF8, 0x7C, 0xF8, 0xF8, 0xF9, 0xF8, 0xF9,
  0xF0, 0xFB, 0xE0, 0xFB, 0xC0, 0xFF, 0xC0, 0xFF, 0xC0, 0xFF, 0xE0, 0xFF,
  0xE0, 0xFD, 0xF0, 0xF9, 0xF0, 0xF8, 0xF8, 0xF8, 0xF8, 0xF8, 0x7C, 0xF8,
  0x7C, 0xF8, 0x3E, 0xF8, 0x3E, 0xFF, 0xFF, 0xFF, 0xFF, 0xFF, 0xFF, 0xFF,
  0xFF, 0xFF, 0xFF, 0xFF, 0xFF, 0xFF, 0xFF, 0xFF, 0xF8, 0xF1, 0xF8, 0x1F,
  0x1E, 0xFF, 0x8F, 0xF3, 0xFF, 0xFB, 0xFF, 0x7F, 0xFF, 0xFF, 0xFF, 0xE3,
  0xFC, 0x7F, 0xF8, 0x3F, 0x07, 0xFE, 0x07, 0xC0, 0xFF, 0xC0, 0xF8, 0x1F,
  0xF8, 0x1F, 0x03, 0xFF, 0x03, 0xE0, 0x7F, 0xE0, 0x7C, 0x0F, 0xFC, 0x0F,
  0x81, 0xFF, 0x81, 0xF0, 0x3F, 0xF0, 0x3E, 0x07, 0xFE, 0x07, 0xC0, 0xFF,
  0xC0, 0xF8, 0x1F, 0xF8, 0x1F, 0x03, 0xFF, 0x03, 0xE0, 0x7F, 0xE0, 0x7C,
  0x0F, 0x80, 0xF1, 0xF8, 0xF7, 0xFC, 0xFF, 0xFE, 0xFF, 0xFF, 0xFE, 0x3F,
  0xFC, 0x1F, 0xF8, 0x1F, 0xF8, 0x1F, 0xF8, 0x1F, 0xF8, 0x1F, 0xF8, 0x1F,
  0xF8, 0x1F, 0xF8, 0x1F, 0xF8, 0x1F, 0xF8, 0x1F, 0xF8, 0x1F, 0xF8, 0x1F,
  0xF8, 0x1F, 0xF8, 0x1F, 0x03, 0xF8, 0x01, 0xFF, 0xC0, 0x7F, 0xFC, 0x1F,
  0xFF, 0xC7, 0xE1, 0xFC, 0xF8, 0x0F, 0xBF, 0x01, 0xFF, 0xC0, 0x1F, 0xF8,
  0x03, 0xFF, 0x00, 0x7F, 0xE0, 0x0F, 0xFC, 0x01, 0xFF, 0xC0, 0x7E, 0xF8,
  0x0F, 0x9F, 0x83, 0xF1, 0xFF, 0xFC, 0x1F, 0xFF, 0x01, 0xFF, 0xC0, 0x0F,
  0xE0, 0x00, 0xF1, 0xF0, 0x7B, 0xFE, 0x3F, 0xFF, 0x9F, 0xFF, 0xEF, 0xE3,
  0xF7, 0xE0, 0xFB, 0xE0, 0x3F, 0xF0, 0x1F, 0xF8, 0x0F, 0xFC, 0x07, 0xFE,
  0x03, 0xFF, 0x01, 0xFF, 0x80, 0xFF, 0xE0, 0xFB, 0xF8, 0xFD, 0xFF, 0xFE,
  0xFF, 0xFE, 0x7D, 0xFE, 0x3E, 0x3C, 0x1F, 0x00, 0x0F, 0x80, 0x07, 0xC0,
  0x03, 0xE0, 0x01, 0xF0, 0x00, 0xF8, 0x00, 0x7C, 0x00, 0x00, 0x07, 0xE7,
  0x8F, 0xFB, 0xCF, 0xFF, 0xEF, 0xFF, 0xF7, 0xE3, 0xFF, 0xE0, 0xFF, 0xE0,
  0x3F, 0xF0, 0x1F, 0xF8, 0x0F, 0xFC, 0x07, 0xFE, 0x03, 0xFF, 0x01, 0xFF,
  0x81, 0xFB, 0xE0, 0xFD, 0xF8, 0xFE, 0xFF, 0xFF, 0x3F, 0xFF, 0x8F, 0xF7,
  0xC3, 0xE3, 0xE0, 0x01, 0xF0, 0x00, 0xF8, 0x00, 0x7C, 0x00, 0x3E, 0x00,
  0x1F, 0x00, 0x0F, 0x80, 0x07, 0xC0, 0xF3, 0xEF, 0x7F, 0xFF, 0xEF, 0xFE,
  0xFF, 0xEF, 0xE0, 0xFC, 0x0F, 0x80, 0xF8, 0x0F, 0x80, 0xF8, 0x0F, 0x80,
  0xF8, 0x0F, 0x80, 0xF8, 0x0F, 0x80, 0xF8, 0x0F, 0x80, 0xF8, 0x00, 0x07,
  0xF0, 0x1F, 0xFC, 0x3F, 0xFE, 0x7E, 0x3F, 0x7C, 0x1C, 0x7C, 0x00, 0x7F,
  0x00, 0x7F, 0xE0, 0x3F, 0xFC, 0x1F, 0xFE, 0x03, 0xFF, 0x00, 0x7F, 0x00,
  0x1F, 0x38, 0x1F, 0xFC, 0x3F, 0x7F, 0xFE, 0x7F, 0xFE, 0x1F, 0xFC, 0x0F,
  0xF0, 0x02, 0x01, 0xC0, 0x78, 0x1F, 0x03, 0xE0, 0x7C, 0x3F, 0xFF, 0xFF,
  0xFF, 0xFF, 0xFC, 0xF8, 0x1F, 0x03, 0xE0, 0x7C, 0x0F, 0x81, 0xF0, 0x3E,
  0x07, 0xC0, 0xF8, 0x1F, 0x03, 0xE0, 0x7F, 0xCF, 0xF8, 0xFF, 0x0F, 0xE0,
  0xF8, 0x1F, 0xF8, 0x1F, 0xF8, 0x1F, 0xF8, 0x1F, 0xF8, 0x1F, 0xF8, 0x1F,
  0xF8, 0x1F, 0xF8, 0x1F, 0xF8, 0x1F, 0xF8, 0x1F, 0xF8, 0x1F, 0xF8, 0x1F,
  0xF8, 0x1F, 0xF8, 0x3F, 0xFC, 0x7F, 0xFF, 0xFF, 0x7F, 0xFF, 0x3F, 0xEF,
  0x1F, 0x8F, 0x7C, 0x07, 0xCF, 0x80, 0xF9, 0xF0, 0x1F, 0x1E, 0x03, 0xC3,
  0xE0, 0xF8, 0x3C, 0x1F, 0x07, 0x83, 0xC0, 0xF0, 0x78, 0x0F, 0x1E, 0x01,
  0xE3, 0xC0, 0x3C, 0x78, 0x03, 0xDE, 0x00, 0x7B, 0xC0, 0x0F, 0x78, 0x00,
  0xFE, 0x00, 0x1F, 0xC0, 0x01, 0xF8, 0x00, 0x3E, 0x00, 0x07, 0xC0, 0x00,
  0xF8, 0x0F, 0x80, 0xFB, 0xC0, 0x7C, 0x07, 0x9F, 0x03, 0xE0, 0x7C, 0xF8,
  0x3F, 0x03, 0xE3, 0xC1, 0xFC, 0x1E, 0x1E, 0x0F, 0xE0, 0xF0, 0xF8, 0x77,
  0x0F, 0x83, 0xC7, 0xBC, 0x78, 0x1E, 0x3D, 0xE3, 0xC0, 0xF1, 0xC7, 0x1E,
  0x03, 0xDE, 0x3D, 0xE0, 0x1E, 0xF1, 0xEF, 0x00, 0xF7, 0x07, 0x78, 0x03,
  0xF8, 0x3F, 0x80, 0x1F, 0xC1, 0xFC, 0x00, 0xFC, 0x07, 0xE0, 0x03, 0xE0,
  0x3E, 0x00, 0x1F, 0x01, 0xF0, 0x00, 0xF8, 0x0F, 0x80, 0x3E, 0x0F, 0x87,
  0xC3, 0xF0, 0x7C, 0x7C, 0x0F, 0x9F, 0x00, 0xFB, 0xE0, 0x0F, 0xF8, 0x01,
  0xFF, 0x00, 0x1F, 0xC0, 0x03, 0xF0, 0x00, 0x3E, 0x00, 0x0F, 0xE0, 0x03,
  0xFE, 0x00, 0x7F, 0xC0, 0x1F, 0x7C, 0x07, 0xEF, 0xC0, 0xF8, 0xF8, 0x3E,
  0x0F, 0x8F, 0xC1, 0xF9, 0xF0, 0x1F, 0x00, 0xF8, 0x03, 0xFF, 0x00, 0x7D,
  0xF0, 0x1F, 0x3E, 0x03, 0xE7, 0xC0, 0x7C, 0x7C, 0x1F, 0x0F, 0x83, 0xE0,
  0xF0, 0x78, 0x1F, 0x1F, 0x03, 0xE3, 0xE0, 0x3C, 0x78, 0x07, 0xDF, 0x00,
  0xFB, 0xC0, 0x0F, 0x78, 0x01, 0xFF, 0x00, 0x1F, 0xC0, 0x03, 0xF8, 0x00,
  0x7F, 0x00, 0x07, 0xC0, 0x00, 0xF8, 0x00, 0x3E, 0x00, 0x0F, 0xC0, 0x1F,
  0xF8, 0x03, 0xFE, 0x00, 0x7F, 0x80, 0x0F, 0xC0, 0x00, 0x7F, 0xFE, 0x7F,
  0xFE, 0x7F, 0xFE, 0x7F, 0xFE, 0x00, 0x7E, 0x00, 0x7C, 0x00, 0xF8, 0x01,
  0xF0, 0x03, 0xE0, 0x07, 0xC0, 0x0F, 0x80, 0x1F, 0x00, 0x3E, 0x00, 0x7C,
  0x00, 0xF8, 0x00, 0xFF, 0xFF, 0xFF, 0xFF, 0xFF, 0xFF, 0xFF, 0xFF, 0x01,
  0xF0, 0x7F, 0x0F, 0xF1, 0xFF, 0x1F, 0x01, 0xE0, 0x1E, 0x01, 0xE0, 0x1E,
  0x01, 0xE0, 0x1E, 0x01, 0xE0, 0x3E, 0x03, 0xC0, 0xFC, 0x0F, 0x80, 0xF8,
  0x0F, 0xC0, 0x3C, 0x03, 0xE0, 0x1E, 0x01, 0xE0, 0x1E, 0x01, 0xE0, 0x1E,
  0x01, 0xE0, 0x1E, 0x01, 0xF0, 0x1F, 0xF0, 0xFF, 0x07, 0xF0, 0x3F, 0xFF,
  0xFF, 0xFF, 0xFF, 0xFF, 0xFF, 0xFF, 0xFF, 0xFF, 0xFF, 0xFF, 0xFF, 0xFF,
  0xFF, 0xFF, 0xFF, 0xF0, 0xFC, 0x0F, 0xE0, 0xFF, 0x0F, 0xF8, 0x0F, 0x80,
  0x78, 0x07, 0x80, 0x78, 0x07, 0x80, 0x78, 0x07, 0x80, 0x78, 0x07, 0xC0,
  0x3C, 0x03, 0xF0, 0x1F, 0x01, 0xF0, 0x3F, 0x03, 0xC0, 0x7C, 0x07, 0x80,
  0x78, 0x07, 0x80, 0x78, 0x07, 0x80, 0x78, 0x07, 0x80, 0xF8, 0xFF, 0x8F,
  0xF0, 0xFE, 0x0F, 0xC0, 0x3F, 0x00, 0x5F, 0xF8, 0x3F, 0xFF, 0xFF, 0xFF,
  0xFF, 0xC1, 0xFF, 0xA0, 0x0F, 0x80, 0xFF, 0xFF, 0xE0, 0x00, 0x18, 0x00,
  0x06, 0x00, 0x01, 0x80, 0x00, 0x60, 0x00, 0x18, 0x00, 0x06, 0x00, 0x01,
  0x80, 0x00, 0x60, 0x00, 0x18, 0x00, 0x06, 0x00, 0x01, 0x80, 0x00, 0x60,
  0x00, 0x18, 0x00, 0x06, 0x00, 0x01, 0x80, 0x00, 0x60, 0x00, 0x18, 0x00,
  0x06, 0x00, 0x01, 0x80, 0x00, 0x7F, 0xFF, 0xF0, 0xFF, 0xFF, 0xE0, 0x00,
  0x18, 0x00, 0x06, 0x00, 0x01, 0x80, 0x00, 0x60, 0x00, 0x18, 0x00, 0x06,
  0x00, 0x01, 0x80, 0x00, 0x60, 0x00, 0x18, 0x00, 0x06, 0x00, 0x01, 0x80,
  0x00, 0x60, 0x00, 0x18, 0x00, 0x06, 0x00, 0x01, 0x80, 0x00, 0x60, 0x00,
  0x18, 0x00, 0x06, 0x00, 0x01, 0x80, 0x00, 0x7F, 0xFF, 0xF0, 0xFF, 0xFF,
  0xE0, 0x00, 0x18, 0x00, 0x06, 0x00, 0x01, 0x80, 0x00, 0x60, 0x00, 0x18,
  0x00, 0x06, 0x00, 0x01, 0x80, 0x00, 0x60, 0x00, 0x18, 0x00, 0x06, 0x00,
  0x01, 0x80, 0x00, 0x60, 0x00, 0x18, 0x00, 0x06, 0x00, 0x01, 0x80, 0x00,
  0x60, 0x00, 0x18, 0x00, 0x06, 0x00, 0x01, 0x80, 0x00, 0x7F, 0xFF, 0xF0,
  0xFF, 0xFF, 0xE0, 0x00, 0x18, 0x00, 0x06, 0x00, 0x01, 0x80, 0x00, 0x60,
  0x00, 0x18, 0x00, 0x06, 0x00, 0x01, 0x80, 0x00, 0x60, 0x00, 0x18, 0x00,
  0x06, 0x00, 0x01, 0x80, 0x00, 0x60, 0x00, 0x18, 0x00, 0x06, 0x00, 0x01,
  0x80, 0x00, 0x60, 0x00, 0x18, 0x00, 0x06, 0x00, 0x01, 0x80, 0x00, 0x7F,
  0xFF, 0xF0, 0xFF, 0xFF, 0xE0, 0x00, 0x18, 0x00, 0x06, 0x00, 0x01, 0x80,
  0x00, 0x60, 0x00, 0x18, 0x00, 0x06, 0x00, 0x01, 0x80, 0x00, 0x60, 0x00,
  0x18, 0x00, 0x06, 0x00, 0x01, 0x80, 0x00, 0x60, 0x00, 0x18, 0x00, 0x06,
  0x00, 0x01, 0x80, 0x00, 0x60, 0x00, 0x18, 0x00, 0x06, 0x00, 0x01, 0x80,
  0x00, 0x7F, 0xFF, 0xF0, 0xFF, 0xFF, 0xE0, 0x00, 0x18, 0x00, 0x06, 0x00,
  0x01, 0x80, 0x00, 0x60, 0x00, 0x18, 0x00, 0x06, 0x00, 0x01, 0x80, 0x00,
  0x60, 0x00, 0x18, 0x00, 0x06, 0x00, 0x01, 0x80, 0x00, 0x60, 0x00, 0x18,
  0x00, 0x06, 0x00, 0x01, 0x80, 0x00, 0x60, 0x00, 0x18, 0x00, 0x06, 0x00,
  0x01, 0x80, 0x00, 0x7F, 0xFF, 0xF0, 0xFF, 0xFF, 0xE0, 0x00, 0x18, 0x00,
  0x06, 0x00, 0x01, 0x80, 0x00, 0x60, 0x00, 0x18, 0x00, 0x06, 0x00, 0x01,
  0x80, 0x00, 0x60, 0x00, 0x18, 0x00, 0x06, 0x00, 0x01, 0x80, 0x00, 0x60,
  0x00, 0x18, 0x00, 0x06, 0x00, 0x01, 0x80, 0x00, 0x60, 0x00, 0x18, 0x00,
  0x06, 0x00, 0x01, 0x80, 0x00, 0x7F, 0xFF, 0xF0, 0xFF, 0xFF, 0xE0, 0x00,
  0x18, 0x00, 0x06, 0x00, 0x01, 0x80, 0x00, 0x60, 0x00, 0x18, 0x00, 0x06,
  0x00, 0x01, 0x80, 0x00, 0x60, 0x00, 0x18, 0x00, 0x06, 0x00, 0x01, 0x80,
  0x00, 0x60, 0x00, 0x18, 0x00, 0x06, 0x00, 0x01, 0x80, 0x00, 0x60, 0x00,
  0x18, 0x00, 0x06, 0x00, 0x01, 0x80, 0x00, 0x7F, 0xFF, 0xF0, 0xFF, 0xFF,
  0xE0, 0x00, 0x18, 0x00, 0x06, 0x00, 0x01, 0x80, 0x00, 0x60, 0x00, 0x18,
  0x00, 0x06, 0x00, 0x01, 0x80, 0x00, 0x60, 0x00, 0x18, 0x00, 0x06, 0x00,
  0x01, 0x80, 0x00, 0x60, 0x00, 0x18, 0x00, 0x06, 0x00, 0x01, 0x80, 0x00,
  0x60, 0x00, 0x18, 0x00, 0x06, 0x00, 0x01, 0x80, 0x00, 0x7F, 0xFF, 0xF0,
  0xFF, 0xFF, 0xE0, 0x00, 0x18, 0x00, 0x06, 0x00, 0x01, 0x80, 0x00, 0x60,
  0x00, 0x18, 0x00, 0x06, 0x00, 0x01, 0x80, 0x00, 0x60, 0x00, 0x18, 0x00,
  0x06, 0x00, 0x01, 0x80, 0x00, 0x60, 0x00, 0x18, 0x00, 0x06, 0x00, 0x01,
  0x80, 0x00, 0x60, 0x00, 0x18, 0x00, 0x06, 0x00, 0x01, 0x80, 0x00, 0x7F,
  0xFF, 0xF0, 0xFF, 0xFF, 0xE0, 0x00, 0x18, 0x00, 0x06, 0x00, 0x01, 0x80,
  0x00, 0x60, 0x00, 0x18, 0x00, 0x06, 0x00, 0x01, 0x80, 0x00, 0x60, 0x00,
  0x18, 0x00, 0x06, 0x00, 0x01, 0x80, 0x00, 0x60, 0x00, 0x18, 0x00, 0x06,
  0x00, 0x01, 0x80, 0x00, 0x60, 0x00, 0x18, 0x00, 0x06, 0x00, 0x01, 0x80,
  0x00, 0x7F, 0xFF, 0xF0, 0xFF, 0xFF, 0xE0, 0x00, 0x18, 0x00, 0x06, 0x00,
  0x01, 0x80, 0x00, 0x60, 0x00, 0x18, 0x00, 0x06, 0x00, 0x01, 0x80, 0x00,
  0x60, 0x00, 0x18, 0x00, 0x06, 0x00, 0x01, 0x80, 0x00, 0x60, 0x00, 0x18,
  0x00, 0x06, 0x00, 0x01, 0x80, 0x00, 0x60, 0x00, 0x18, 0x00, 0x06, 0x00,
  0x01, 0x80, 0x00, 0x7F, 0xFF, 0xF0, 0xFF, 0xFF, 0xE0, 0x00, 0x18, 0x00,
  0x06, 0x00, 0x01, 0x80, 0x00, 0x60, 0x00, 0x18, 0x00, 0x06, 0x00, 0x01,
  0x80, 0x00, 0x60, 0x00, 0x18, 0x00, 0x06, 0x00, 0x01, 0x80, 0x00, 0x60,
  0x00, 0x18, 0x00, 0x06, 0x00, 0x01, 0x80, 0x00, 0x60, 0x00, 0x18, 0x00,
  0x06, 0x00, 0x01, 0x80, 0x00, 0x7F, 0xFF, 0xF0, 0xFF, 0xFF, 0xE0, 0x00,
  0x18, 0x00, 0x06, 0x00, 0x01, 0x80, 0x00, 0x60, 0x00, 0x18, 0x00, 0x06,
  0x00, 0x01, 0x80, 0x00, 0x60, 0x00, 0x18, 0x00, 0x06, 0x00, 0x01, 0x80,
  0x00, 0x60, 0x00, 0x18, 0x00, 0x06, 0x00, 0x01, 0x80, 0x00, 0x60, 0x00,
  0x18, 0x00, 0x06, 0x00, 0x01, 0x80, 0x00, 0x7F, 0xFF, 0xF0, 0xFF, 0xFF,
  0xE0, 0x00, 0x18, 0x00, 0x06, 0x00, 0x01, 0x80, 0x00, 0x60, 0x00, 0x18,
  0x00, 0x06, 0x00, 0x01, 0x80, 0x00, 0x60, 0x00, 0x18, 0x00, 0x06, 0x00,
  0x01, 0x80, 0x00, 0x60, 0x00, 0x18, 0x00, 0x06, 0x00, 0x01, 0x80, 0x00,
  0x60, 0x00, 0x18, 0x00, 0x06, 0x00, 0x01, 0x80, 0x00, 0x7F, 0xFF, 0xF0,
  0xFF, 0xFF, 0xE0, 0x00, 0x18, 0x00, 0x06, 0x00, 0x01, 0x80, 0x00, 0x60,
  0x00, 0x18, 0x00, 0x06, 0x00, 0x01, 0x80, 0x00, 0x60, 0x00, 0x18, 0x00,
  0x06, 0x00, 0x01, 0x80, 0x00, 0x60, 0x00, 0x18, 0x00, 0x06, 0x00, 0x01,
  0x80, 0x00, 0x60, 0x00, 0x18, 0x00, 0x06, 0x00, 0x01, 0x80, 0x00, 0x7F,
  0xFF, 0xF0, 0xFF, 0xFF, 0xE0, 0x00, 0x18, 0x00, 0x06, 0x00, 0x01, 0x80,
  0x00, 0x60, 0x00, 0x18, 0x00, 0x06, 0x00, 0x01, 0x80, 0x00, 0x60, 0x00,
  0x18, 0x00, 0x06, 0x00, 0x01, 0x80, 0x00, 0x60, 0x00, 0x18, 0x00, 0x06,
  0x00, 0x01, 0x80, 0x00, 0x60, 0x00, 0x18, 0x00, 0x06, 0x00, 0x01, 0x80,
  0x00, 0x7F, 0xFF, 0xF0, 0xFF, 0xFF, 0xE0, 0x00, 0x18, 0x00, 0x06, 0x00,
  0x01, 0x80, 0x00, 0x60, 0x00, 0x18, 0x00, 0x06, 0x00, 0x01, 0x80, 0x00,
  0x60, 0x00, 0x18, 0x00, 0x06, 0x00, 0x01, 0x80, 0x00, 0x60, 0x00, 0x18,
  0x00, 0x06, 0x00, 0x01, 0x80, 0x00, 0x60, 0x00, 0x18, 0x00, 0x06, 0x00,
  0x01, 0x80, 0x00, 0x7F, 0xFF, 0xF0, 0xFF, 0xFF, 0xE0, 0x00, 0x18, 0x00,
  0x06, 0x00, 0x01, 0x80, 0x00, 0x60, 0x00, 0x18, 0x00, 0x06, 0x00, 0x01,
  0x80, 0x00, 0x60, 0x00, 0x18, 0x00, 0x06, 0x00, 0x01, 0x80, 0x00, 0x60,
  0x00, 0x18, 0x00, 0x06, 0x00, 0x01, 0x80, 0x00, 0x60, 0x00, 0x18, 0x00,
  0x06, 0x00, 0x01, 0x80, 0x00, 0x7F, 0xFF, 0xF0, 0xFF, 0xFF, 0xE0, 0x00,
  0x18, 0x00, 0x06, 0x00, 0x01, 0x80, 0x00, 0x60, 0x00, 0x18, 0x00, 0x06,
  0x00, 0x01, 0x80, 0x00, 0x60, 0x00, 0x18, 0x00, 0x06, 0x00, 0x01, 0x80,
  0x00, 0x60, 0x00, 0x18, 0x00, 0x06, 0x00, 0x01, 0x80, 0x00, 0x60, 0x00,
  0x18, 0x00, 0x06, 0x00, 0x01, 0x80, 0x00, 0x7F, 0xFF, 0xF0, 0xFF, 0xFF,
  0xE0, 0x00, 0x18, 0x00, 0x06, 0x00, 0x01, 0x80, 0x00, 0x60, 0x00, 0x18,
  0x00, 0x06, 0x00, 0x01, 0x80, 0x00, 0x60, 0x00, 0x18, 0x00, 0x06, 0x00,
  0x01, 0x80, 0x00, 0x60, 0x00, 0x18, 0x00, 0x06, 0x00, 0x01, 0x80, 0x00,
  0x60, 0x00, 0x18, 0x00, 0x06, 0x00, 0x01, 0x80, 0x00, 0x7F, 0xFF, 0xF0,
  0xFF, 0xFF, 0xE0, 0x00, 0x18, 0x00, 0x06, 0x00, 0x01, 0x80, 0x00, 0x60,
  0x00, 0x18, 0x00, 0x06, 0x00, 0x01, 0x80, 0x00, 0x60, 0x00, 0x18, 0x00,
  0x06, 0x00, 0x01, 0x80, 0x00, 0x60, 0x00, 0x18, 0x00, 0x06, 0x00, 0x01,
  0x80, 0x00, 0x60, 0x00, 0x18, 0x00, 0x06, 0x00, 0x01, 0x80, 0x00, 0x7F,
  0xFF, 0xF0, 0xFF, 0xFF, 0xE0, 0x00, 0x18, 0x00, 0x06, 0x00, 0x01, 0x80,
  0x00, 0x60, 0x00, 0x18, 0x00, 0x06, 0x00, 0x01, 0x80, 0x00, 0x60, 0x00,
  0x18, 0x00, 0x06, 0x00, 0x01, 0x80, 0x00, 0x60, 0x00, 0x18, 0x00, 0x06,
  0x00, 0x01, 0x80, 0x00, 0x60, 0x00, 0x18, 0x00, 0x06, 0x00, 0x01, 0x80,
  0x00, 0x7F, 0xFF, 0xF0, 0xFF, 0xFF, 0xE0, 0x00, 0x18, 0x00, 0x06, 0x00,
  0x01, 0x80, 0x00, 0x60, 0x00, 0x18, 0x00, 0x06, 0x00, 0x01, 0x80, 0x00,
  0x60, 0x00, 0x18, 0x00, 0x06, 0x00, 0x01, 0x80, 0x00, 0x60, 0x00, 0x18,
  0x00, 0x06, 0x00, 0x01, 0x80, 0x00, 0x60, 0x00, 0x18, 0x00, 0x06, 0x00,
  0x01, 0x80, 0x00, 0x7F, 0xFF, 0xF0, 0xFF, 0xFF, 0xE0, 0x00, 0x18, 0x00,
  0x06, 0x00, 0x01, 0x80, 0x00, 0x60, 0x00, 0x18, 0x00, 0x06, 0x00, 0x01,
  0x80, 0x00, 0x60, 0x00, 0x18, 0x00, 0x06, 0x00, 0x01, 0x80, 0x00, 0x60,
  0x00, 0x18, 0x00, 0x06, 0x00, 0x01, 0x80, 0x00, 0x60, 0x00, 0x18, 0x00,
  0x06, 0x00, 0x01, 0x80, 0x00, 0x7F, 0xFF, 0xF0, 0xFF, 0xFF, 0xE0, 0x00,
  0x18, 0x00, 0x06, 0x00, 0x01, 0x80, 0x00, 0x60, 0x00, 0x18, 0x00, 0x06,
  0x00, 0x01, 0x80, 0x00, 0x60, 0x00, 0x18, 0x00, 0x06, 0x00, 0x01, 0x80,
  0x00, 0x60, 0x00, 0x18, 0x00, 0x06, 0x00, 0x01, 0x80, 0x00, 0x60, 0x00,
  0x18, 0x00, 0x06, 0x00, 0x01, 0x80, 0x00, 0x7F, 0xFF, 0xF0, 0xFF, 0xFF,
  0xE0, 0x00, 0x18, 0x00, 0x06, 0x00, 0x01, 0x80, 0x00, 0x60, 0x00, 0x18,
  0x00, 0x06, 0x00, 0x01, 0x80, 0x00, 0x60, 0x00, 0x18, 0x00, 0x06, 0x00,
  0x01, 0x80, 0x00, 0x60, 0x00, 0x18, 0x00, 0x06, 0x00, 0x01, 0x80, 0x00,
  0x60, 0x00, 0x18, 0x00, 0x06, 0x00, 0x01, 0x80, 0x00, 0x7F, 0xFF, 0xF0,
  0xFF, 0xFF, 0xE0, 0x00, 0x18, 0x00, 0x06, 0x00, 0x01, 0x80, 0x00, 0x60,
  0x00, 0x18, 0x00, 0x06, 0x00, 0x01, 0x80, 0x00, 0x60, 0x00, 0x18, 0x00,
  0x06, 0x00, 0x01, 0x80, 0x00, 0x60, 0x00, 0x18, 0x00, 0x06, 0x00, 0x01,
  0x80, 0x00, 0x60, 0x00, 0x18, 0x00, 0x06, 0x00, 0x01, 0x80, 0x00, 0x7F,
  0xFF, 0xF0, 0xFF, 0xFF, 0xE0, 0x00, 0x18, 0x00, 0x06, 0x00, 0x01, 0x80,
  0x00, 0x60, 0x00, 0x18, 0x00, 0x06, 0x00, 0x01, 0x80, 0x00, 0x60, 0x00,
  0x18, 0x00, 0x06, 0x00, 0x01, 0x80, 0x00, 0x60, 0x00, 0x18, 0x00, 0x06,
  0x00, 0x01, 0x80, 0x00, 0x60, 0x00, 0x18, 0x00, 0x06, 0x00, 0x01, 0x80,
  0x00, 0x7F, 0xFF, 0xF0, 0xFF, 0xFF, 0xE0, 0x00, 0x18, 0x00, 0x06, 0x00,
  0x01, 0x80, 0x00, 0x60, 0x00, 0x18, 0x00, 0x06, 0x00, 0x01, 0x80, 0x00,
  0x60, 0x00, 0x18, 0x00, 0x06, 0x00, 0x01, 0x80, 0x00, 0x60, 0x00, 0x18,
  0x00, 0x06, 0x00, 0x01, 0x80, 0x00, 0x60, 0x00, 0x18, 0x00, 0x06, 0x00,
  0x01, 0x80, 0x00, 0x7F, 0xFF, 0xF0, 0xFF, 0xFF, 0xE0, 0x00, 0x18, 0x00,
  0x06, 0x00, 0x01, 0x80, 0x00, 0x60, 0x00, 0x18, 0x00, 0x06, 0x00, 0x01,
  0x80, 0x00, 0x60, 0x00, 0x18, 0x00, 0x06, 0x00, 0x01, 0x80, 0x00, 0x60,
  0x00, 0x18, 0x00, 0x06, 0x00, 0x01, 0x80, 0x00, 0x60, 0x00, 0x18, 0x00,
  0x06, 0x00, 0x01, 0x80, 0x00, 0x7F, 0xFF, 0xF0, 0xFF, 0xFF, 0xE0, 0x00,
  0x18, 0x00, 0x06, 0x00, 0x01, 0x80, 0x00, 0x60, 0x00, 0x18, 0x00, 0x06,
  0x00, 0x01, 0x80, 0x00, 0x60, 0x00, 0x18, 0x00, 0x06, 0x00, 0x01, 0x80,
  0x00, 0x60, 0x00, 0x18, 0x00, 0x06, 0x00, 0x01, 0x80, 0x00, 0x60, 0x00,
  0x18, 0x00, 0x06, 0x00, 0x01, 0x80, 0x00, 0x7F, 0xFF, 0xF0, 0xFF, 0xFF,
  0xE0, 0x00, 0x18, 0x00, 0x06, 0x00, 0x01, 0x80, 0x00, 0x60, 0x00, 0x18,
  0x00, 0x06, 0x00, 0x01, 0x80, 0x00, 0x60, 0x00, 0x18, 0x00, 0x06, 0x00,
  0x01, 0x80, 0x00, 0x60, 0x00, 0x18, 0x00, 0x06, 0x00, 0x01, 0x80, 0x00,
  0x60, 0x00, 0x18, 0x00, 0x06, 0x00, 0x01, 0x80, 0x00, 0x7F, 0xFF, 0xF0,
  0x00, 0xFF, 0xFF, 0xFF, 0x80, 0x0E, 0x73, 0x9C, 0xE7, 0x3B, 0xDF, 0xFF,
  0xFF, 0xFF, 0xFF, 0xFF, 0xFF, 0xC0, 0x00, 0x08, 0x00, 0x06, 0x00, 0x06,
  0x00, 0x03, 0x00, 0x01, 0x80, 0x01, 0x80, 0x1F, 0xC0, 0x3F, 0xF8, 0x3F,
  0xFE, 0x1F, 0xFF, 0x9F, 0x9F, 0xCF, 0x8D, 0xFF, 0x8C, 0xE7, 0xC6, 0x03,
  0xE3, 0x01, 0xF3, 0x80, 0xF9, 0x80, 0x7C, 0xC7, 0x3E, 0x63, 0xEF, 0xE3,
  0xF7, 0xF3, 0xF1, 0xFF, 0xF8, 0xFF, 0xF8, 0x3F, 0xF8, 0x07, 0xF0, 0x03,
  0x00, 0x03, 0x00, 0x01, 0x80, 0x00, 0xC0, 0x00, 0xC0, 0x00, 0x60, 0x00,
  0x10, 0x00, 0x01, 0xF8, 0x01, 0xFF, 0x80, 0xFF, 0xF0, 0x7F, 0xFE, 0x3F,
  0x0F, 0xCF, 0x83, 0xF3, 0xE0, 0x78, 0xF8, 0x00, 0x3E, 0x00, 0x07, 0xC0,
  0x0F, 0xFF, 0x83, 0xFF, 0xE0, 0xFF, 0xF8, 0x3F, 0xFE, 0x01, 0xF0, 0x00,
  0x7C, 0x00, 0x1F, 0x00, 0x07, 0x80, 0x03, 0xE0, 0x01, 0xF0, 0x00, 0xFF,
  0xC1, 0x3F, 0xFF, 0xE7, 0xFF, 0xF9, 0xFF, 0xFF, 0x20, 0x3F, 0x80, 0x30,
  0x06, 0x3D, 0xF7, 0xBF, 0xFF, 0xFF, 0xFF, 0xF7, 0xFF, 0xF1, 0xF1, 0xF1,
  0xF0, 0x7C, 0xF0, 0x1E, 0x78, 0x0F, 0x3C, 0x07, 0x9F, 0x07, 0xC7, 0xC7,
  0xC7, 0xFF, 0xF7, 0xFF, 0xFF, 0xFF, 0xFE, 0xF7, 0xDE, 0x30, 0x06, 0x00,
  0xF0, 0x03, 0xDE, 0x01, 0xE7, 0x80, 0x78, 0xF0, 0x3C, 0x3C, 0x0F, 0x07,
  0x87, 0x81, 0xE1, 0xE0, 0x7C, 0xF8, 0x0F, 0x3C, 0x03, 0xFF, 0x00, 0x7F,
  0x81, 0xFF, 0xFE, 0x7F, 0xFF, 0x9F, 0xFF, 0xE7, 0xFF, 0xF8, 0x07, 0x80,
  0x01, 0xE0, 0x1F, 0xFF, 0xE7, 0xFF, 0xF9, 0xFF, 0xFE, 0x7F, 0xFF, 0x80,
  0x78, 0x00, 0x1E, 0x00, 0x07, 0x80, 0x01, 0xE0, 0x00, 0xFF, 0xFF, 0xFF,
  0xFF, 0xFF, 0xFF, 0xF0, 0x00, 0x00, 0x0F, 0xFF, 0xFF, 0xFF, 0xFF, 0xFF,
  0xFF, 0xF0, 0x07, 0xE0, 0x0F, 0xFC, 0x0F, 0xFF, 0x0F, 0xFF, 0xC7, 0xC3,
  0xE3, 0xE0, 0xF9, 0xF8, 0x7C, 0x7E, 0x00, 0x3F, 0x80, 0x1F, 0xF0, 0x1F,
  0xFE, 0x0F, 0x7F, 0x8F, 0x1F, 0xE7, 0x83, 0xFB, 0xC0, 0xFF, 0xF0, 0x1F,
  0xFC, 0x07, 0xBF, 0x83, 0xDF, 0xE1, 0xE7, 0xFD, 0xE0, 0xFF, 0xF0, 0x3F,
  0xF0, 0x07, 0xF0, 0x01, 0xFC, 0x00, 0x3F, 0x3E, 0x0F, 0x9F, 0x07, 0xC7,
  0xC7, 0xE3, 0xFF, 0xF0, 0xFF, 0xF0, 0x3F, 0xF0, 0x07, 0xE0, 0xF0, 0xFF,
  0x0F, 0xF0, 0xFF, 0x0F, 0x00, 0x7F, 0x80, 0x00, 0x7F, 0xF8, 0x00, 0x7F,
  0xFF, 0x80, 0x3F, 0x03, 0xF0, 0x1F, 0x00, 0x3E, 0x0F, 0x00, 0x03, 0xC3,
  0x83, 0xE0, 0x71, 0xE1, 0xFE, 0x1E, 0x70, 0xE3, 0x83, 0xB8, 0x38, 0x70,
  0xFE, 0x1C, 0x00, 0x1F, 0x87, 0x00, 0x07, 0xE1, 0xC0, 0x01, 0xF8, 0x70,
  0x00, 0x7E, 0x1C, 0x00, 0x1F, 0xC7, 0x87, 0x0F, 0x70, 0xE3, 0x83, 0x9C,
  0x1F, 0xE1, 0xE3, 0x83, 0xE0, 0x70, 0xF0, 0x00, 0x3C, 0x1F, 0x00, 0x3E,
  0x03, 0xF0, 0x3F, 0x00, 0x7F, 0xFF, 0x80, 0x07, 0xFF, 0x80, 0x00, 0x7F,
  0x80, 0x00, 0x1F, 0x8F, 0xFB, 0xFF, 0xF0, 0x70, 0x0E, 0x1F, 0xDF, 0xFF,
  0xC7, 0xE0, 0xFC, 0x3F, 0xFF, 0xBF, 0xF3, 0xEE, 0x07, 0x8F, 0x0F, 0x1E,
  0x1F, 0x3E, 0x1E, 0x3C, 0x3E, 0x7C, 0x3C, 0x78, 0x7C, 0xF8, 0xF9, 0xF0,
  0xF9, 0xF0, 0x7C, 0xF8, 0x3C, 0x78, 0x3E, 0x7C, 0x1E, 0x3C, 0x1F, 0x3E,
  0x0F, 0x1E, 0x07, 0x8F, 0xFF, 0xFF, 0xFF, 0xFF, 0xFF, 0xFF, 0xFF, 0xFF,
  0xF0, 0x00, 0x78, 0x00, 0x3C, 0x00, 0x1E, 0x00, 0x0F, 0x00, 0x07, 0x80,
  0x03, 0xC0, 0x01, 0xE0, 0x00, 0xF0, 0xFF, 0xFF, 0xFF, 0xFF, 0xFF, 0x00,
  0x7F, 0x80, 0x00, 0x7F, 0xF8, 0x00, 0x7F, 0xFF, 0x80, 0x3F, 0x03, 0xF0,
  0x1F, 0x00, 0x3E, 0x0F, 0x00, 0x03, 0xC3, 0x8F, 0xE0, 0x71, 0xC3, 0xFC,
  0x1E, 0x70, 0xE3, 0x83, 0xB8, 0x38, 0xE0, 0xFE, 0x0E, 0x38, 0x1F, 0x83,
  0x8E, 0x07, 0xE0, 0xFF, 0x01, 0xF8, 0x3F, 0x80, 0x7E, 0x0E, 0x70, 0x1F,
  0xC3, 0x9E, 0x0F, 0x70, 0xE3, 0xC3, 0x9C, 0x38, 0xF1, 0xE3, 0x8E, 0x1C,
  0x70, 0xF0, 0x00, 0x3C, 0x1F, 0x00, 0x3E, 0x03, 0xF0, 0x3F, 0x00, 0x7F,
  0xFF, 0x80, 0x07, 0xFF, 0x80, 0x00, 0x7F, 0x80, 0x00, 0xFF, 0xFF, 0xFF,
  0xFF, 0xFF, 0xFF, 0xFF, 0xFF, 0xFF, 0xF0, 0x1F, 0x07, 0xF1, 0xFF, 0x78,
  0xFE, 0x0F, 0xC1, 0xF8, 0x3F, 0x8F, 0x7F, 0xC7, 0xF0, 0x7C, 0x00, 0x01,
  0xE0, 0x00, 0x78, 0x00, 0x1E, 0x00, 0x07, 0x80, 0x01, 0xE0, 0x00, 0x78,
  0x00, 0x1E, 0x03, 0xFF, 0xFF, 0xFF, 0xFF, 0xFF, 0xFF, 0xFF, 0xFF, 0xFC,
  0x07, 0x80, 0x01, 0xE0, 0x00, 0x78, 0x00, 0x1E, 0x00, 0x07, 0x80, 0x01,
  0xE0, 0x00, 0x78, 0x00, 0x00, 0x00, 0x00, 0x00, 0xFF, 0xFF, 0xFF, 0xFF,
  0xFF, 0xFF, 0xFF, 0xFF, 0xFF, 0x1F, 0x1F, 0xE7, 0xFF, 0xC7, 0xE1, 0xC0,
  0x70, 0x78, 0x3C, 0x1E, 0x0E, 0x07, 0xFF, 0xFF, 0xFF, 0xC0, 0x3F, 0x1F,
  0xEF, 0xFF, 0x87, 0x01, 0xC3, 0xE0, 0xF8, 0x07, 0xE1, 0xFC, 0xF7, 0xFD,
  0xFE, 0x1F, 0x00, 0x3E, 0x79, 0xE3, 0x8E, 0x00, 0xF8, 0x1F, 0xF8, 0x1F,
  0xF8, 0x1F, 0xF8, 0x1F, 0xF8, 0x1F, 0xF8, 0x1F, 0xF8, 0x1F, 0xF8, 0x1F,
  0xF8, 0x1F, 0xF8, 0x1F, 0xF8, 0x1F, 0xF8, 0x1F, 0xF8, 0x1F, 0xFC, 0x3F,
  0xFE, 0x7F, 0xFF, 0xFF, 0xFF, 0xFF, 0xFB, 0xDF, 0xFB, 0x9F, 0xF8, 0x00,
  0xF8, 0x00, 0xF8, 0x00, 0xF8, 0x00, 0xF8, 0x00, 0xF8, 0x00, 0xF8, 0x00,
  0x0F, 0xFF, 0xF1, 0xFF, 0xFF, 0x3F, 0xFF, 0xF7, 0xFF, 0xFF, 0xFF, 0xE3,
  0xCF, 0xFE, 0x3C, 0xFF, 0xE3, 0xCF, 0xFE, 0x3C, 0xFF, 0xE3, 0xCF, 0xFE,
  0x3C, 0x7F, 0xE3, 0xC7, 0xFE, 0x3C, 0x3F, 0xE3, 0xC0, 0xFE, 0x3C, 0x01,
  0xE3, 0xC0, 0x1E, 0x3C, 0x01, 0xE3, 0xC0, 0x1E, 0x3C, 0x01, 0xE3, 0xC0,
  0x1E, 0x3C, 0x01, 0xE3, 0xC0, 0x1E, 0x3C, 0x01, 0xE3, 0xC0, 0x1E, 0x3C,
  0x01, 0xE3, 0xC0, 0x1E, 0x3C, 0x01, 0xE3, 0xC0, 0x1E, 0x3C, 0x01, 0xE3,
  0xC0, 0x1E, 0x3C, 0x01, 0xE3, 0xC0, 0x1E, 0x3C, 0xFF, 0xFF, 0xFF, 0x80,
  0x7E, 0x3F, 0x81, 0xE0, 0xF0, 0xFF, 0xFB, 0xF0, 0x0E, 0x3D, 0xFF, 0xFE,
  0xF1, 0xC3, 0x87, 0x0E, 0x1C, 0x38, 0x70, 0xE0, 0x1F, 0x07, 0xF1, 0xFF,
  0x78, 0xFE, 0x0F, 0xC1, 0xF8, 0x3F, 0x07, 0xE0, 0xFE, 0x3D, 0xFF, 0x1F,
  0xC1, 0xF0, 0xF1, 0xE0, 0x78, 0xF0, 0x7C, 0xF8, 0x3C, 0x78, 0x3E, 0x7C,
  0x1E, 0x3C, 0x1F, 0x3E, 0x0F, 0x9F, 0x0F, 0x9F, 0x1F, 0x3E, 0x1E, 0x3C,
  0x3E, 0x7C, 0x3C, 0x78, 0x7C, 0xF8, 0x78, 0xF0, 0xF1, 0xE0, 0x0E, 0x00,
  0x1C, 0x01, 0xE0, 0x03, 0xC0, 0x7E, 0x00, 0x78, 0x0F, 0xE0, 0x07, 0x00,
  0xEE, 0x00, 0xF0, 0x08, 0xE0, 0x0E, 0x00, 0x0E, 0x01, 0xC0, 0x00, 0xE0,
  0x3C, 0x00, 0x0E, 0x03, 0x80, 0x00, 0xE0, 0x78, 0x00, 0x0E, 0x07, 0x00,
  0x00, 0xE0, 0xE0, 0x00, 0x0E, 0x1E, 0x01, 0xC0, 0x01, 0xC0, 0x3C, 0x00,
  0x3C, 0x07, 0xC0, 0x03, 0x80, 0xFC, 0x00, 0x70, 0x1D, 0xC0, 0x0F, 0x03,
  0x9C, 0x00, 0xE0, 0x31, 0xC0, 0x1C, 0x07, 0xFF, 0x03, 0xC0, 0x7F, 0xF0,
  0x38, 0x07, 0xFF, 0x07, 0x80, 0x01, 0xC0, 0x70, 0x00, 0x1C, 0x0E, 0x00,
  0x01, 0xC0, 0x0E, 0x00, 0x3C, 0x03, 0xC0, 0x07, 0x01, 0xF8, 0x01, 0xE0,
  0x7F, 0x00, 0x38, 0x0E, 0xE0, 0x0E, 0x01, 0x1C, 0x03, 0xC0, 0x03, 0x80,
  0x70, 0x00, 0x70, 0x1E, 0x00, 0x0E, 0x03, 0x80, 0x01, 0xC0, 0xE0, 0x00,
  0x38, 0x3C, 0x00, 0x07, 0x07, 0x00, 0x00, 0xE1, 0xE0, 0xF8, 0x00, 0x38,
  0x7F, 0x80, 0x0E, 0x0F, 0xF8, 0x03, 0xC3, 0xC7, 0x00, 0x70, 0x70, 0xE0,
  0x1E, 0x00, 0x1C, 0x03, 0x80, 0x0F, 0x00, 0xE0, 0x03, 0xC0, 0x3C, 0x00,
  0xF0, 0x07, 0x00, 0x38, 0x01, 0xE0, 0x0F, 0xF8, 0x38, 0x03, 0xFF, 0x0E,
  0x00, 0x7F, 0xE0, 0x3F, 0x00, 0x1E, 0x07, 0xF8, 0x01, 0xC0, 0xFF, 0xC0,
  0x3C, 0x0E, 0x1C, 0x03, 0x80, 0x01, 0xC0, 0x70, 0x00, 0xF8, 0x0F, 0x00,
  0x0F, 0x80, 0xE0, 0x00, 0x1C, 0x1E, 0x00, 0xE1, 0xC1, 0xC0, 0x0F, 0x3C,
  0x3C, 0x00, 0x7F, 0xC3, 0x80, 0x07, 0xF8, 0x70, 0x00, 0x1F, 0x0F, 0x01,
  0xC0, 0x00, 0xE0, 0x3C, 0x00, 0x1E, 0x07, 0xC0, 0x01, 0xC0, 0xFC, 0x00,
  0x38, 0x1D, 0xC0, 0x03, 0x83, 0x9C, 0x00, 0x70, 0x31, 0xC0, 0x0F, 0x07,
  0xFF, 0x00, 0xE0, 0x7F, 0xF0, 0x1E, 0x07, 0xFF, 0x01, 0xC0, 0x01, 0xC0,
  0x38, 0x00, 0x1C, 0x03, 0x80, 0x01, 0xC0, 0x01, 0xF0, 0x00, 0xF8, 0x00,
  0x7C, 0x00, 0x3E, 0x00, 0x1F, 0x00, 0x00, 0x00, 0x00, 0x00, 0x03, 0xE0,
  0x01, 0xF0, 0x00, 0xF8, 0x00, 0xFC, 0x00, 0xFC, 0x00, 0xFE, 0x00, 0xFE,
  0x00, 0xFE, 0x00, 0xFC, 0x00, 0xFC, 0x00, 0x7C, 0x00, 0x3E, 0x00, 0x1F,
  0x01, 0xFF, 0x81, 0xFB, 0xE1, 0xF9, 0xFF, 0xFC, 0x7F, 0xFC, 0x1F, 0xFC,
  0x03, 0xF8, 0x00, 0x00, 0xF8, 0x00, 0x00, 0xF0, 0x00, 0x00, 0xF0, 0x00,
  0x00, 0xE0, 0x00, 0x00, 0xE0, 0x00, 0x00, 0x00, 0x00, 0x00, 0x00, 0x00,
  0x7F, 0x00, 0x00, 0xFE, 0x00, 0x03, 0xFE, 0x00, 0x07, 0xFC, 0x00, 0x0F,
  0x78, 0x00, 0x3E, 0xF8, 0x00, 0x7D, 0xF0, 0x00, 0xF1, 0xE0, 0x03, 0xE3,
  0xE0, 0x07, 0xC7, 0xC0, 0x0F, 0x8F, 0x80, 0x3E, 0x0F, 0x80, 0x7C, 0x1F,
  0x00, 0xF8, 0x3E, 0x03, 0xE0, 0x3E, 0x07, 0xFF, 0xFC, 0x0F, 0xFF, 0xF8,
  0x3F, 0xFF, 0xF8, 0x7F, 0xFF, 0xF0, 0xF8, 0x03, 0xE3, 0xF0, 0x07, 0xE7,
  0xC0, 0x07, 0xCF, 0x80, 0x0F, 0xBF, 0x00, 0x1F, 0xFC, 0x00, 0x1F, 0x00,
  0x1F, 0x00, 0x00, 0x3C, 0x00, 0x00, 0xF0, 0x00, 0x01, 0xC0, 0x00, 0x07,
  0x00, 0x00, 0x00, 0x00, 0x00, 0x00, 0x00, 0x00, 0x7F, 0x00, 0x00, 0xFE,
  0x00, 0x03, 0xFE, 0x00, 0x07, 0xFC, 0x00, 0x0F, 0x78, 0x00, 0x3E, 0xF8,
  0x00, 0x7D, 0xF0, 0x00, 0xF1, 0xE0, 0x03, 0xE3, 0xE0, 0x07, 0xC7, 0xC0,
  0x0F, 0x8F, 0x80, 0x3E, 0x0F, 0x80, 0x7C, 0x1F, 0x00, 0xF8, 0x3E, 0x03,
  0xE0, 0x3E, 0x07, 0xFF, 0xFC, 0x0F, 0xFF, 0xF8, 0x3F, 0xFF, 0xF8, 0x7F,
  0xFF, 0xF0, 0xF8, 0x03, 0xE3, 0xF0, 0x07, 0xE7, 0xC0, 0x07, 0xCF, 0x80,
  0x0F, 0xBF, 0x00, 0x1F, 0xFC, 0x00, 0x1F, 0x00, 0x7C, 0x00, 0x01, 0xFC,
  0x00, 0x03, 0xB8, 0x00, 0x0F, 0x78, 0x00, 0x3C, 0x78, 0x00, 0x00, 0x00,
  0x00, 0x00, 0x00, 0x00, 0x7F, 0x00, 0x00, 0xFE, 0x00, 0x03, 0xFE, 0x00,
  0x07, 0xFC, 0x00, 0x0F, 0x78, 0x00, 0x3E, 0xF8, 0x00, 0x7D, 0xF0, 0x00,
  0xF1, 0xE0, 0x03, 0xE3, 0xE0, 0x07, 0xC7, 0xC0, 0x0F, 0x8F, 0x80, 0x3E,
  0x0F, 0x80, 0x7C, 0x1F, 0x00, 0xF8, 0x3E, 0x03, 0xE0, 0x3E, 0x07, 0xFF,
  0xFC, 0x0F, 0xFF, 0xF8, 0x3F, 0xFF, 0xF8, 0x7F, 0xFF, 0xF0, 0xF8, 0x03,
  0xE3, 0xF0, 0x07, 0xE7, 0xC0, 0x07, 0xCF, 0x80, 0x0F, 0xBF, 0x00, 0x1F,
  0xFC, 0x00, 0x1F, 0x01, 0xF0, 0xC0, 0x07, 0xFF, 0x80, 0x0F, 0xFE, 0x00,
  0x18, 0x7C, 0x00, 0x00, 0x00, 0x00, 0x00, 0x00, 0x00, 0x3F, 0x80, 0x00,
  0x7F, 0x00, 0x01, 0xFF, 0x00, 0x03, 0xFE, 0x00, 0x07, 0xBC, 0x00, 0x1F,
  0x7C, 0x00, 0x3E, 0xF8, 0x00, 0x78, 0xF0, 0x01, 0xF1, 0xF0, 0x03, 0xE3,
  0xE0, 0x07, 0xC7, 0xC0, 0x1F, 0x07, 0xC0, 0x3E, 0x0F, 0x80, 0x7C, 0x1F,
  0x01, 0xF0, 0x1F, 0x03, 0xFF, 0xFE, 0x07, 0xFF, 0xFC, 0x1F, 0xFF, 0xFC,
  0x3F, 0xFF, 0xF8, 0x7C, 0x01, 0xF1, 0xF8, 0x03, 0xF3, 0xE0, 0x03, 0xE7,
  0xC0, 0x07, 0xDF, 0x80, 0x0F, 0xFE, 0x00, 0x0F, 0x80, 0x03, 0xC3, 0xC0,
  0x07, 0x87, 0x80, 0x0F, 0x0F, 0x00, 0x1E, 0x1E, 0x00, 0x00, 0x00, 0x00,
  0x00, 0x00, 0x00, 0x3F, 0x80, 0x00, 0x7F, 0x00, 0x01, 0xFF, 0x00, 0x03,
  0xFE, 0x00, 0x07, 0xBC, 0x00, 0x1F, 0x7C, 0x00, 0x3E, 0xF8, 0x00, 0x78,
  0xF0, 0x01, 0xF1, 0xF0, 0x03, 0xE3, 0xE0, 0x07, 0xC7, 0xC0, 0x1F, 0x07,
  0xC0, 0x3E, 0x0F, 0x80, 0x7C, 0x1F, 0x01, 0xF0, 0x1F, 0x03, 0xFF, 0xFE,
  0x07, 0xFF, 0xFC, 0x1F, 0xFF, 0xFC, 0x3F, 0xFF, 0xF8, 0x7C, 0x01, 0xF1,
  0xF8, 0x03, 0xF3, 0xE0, 0x03, 0xE7, 0xC0, 0x07, 0xDF, 0x80, 0x0F, 0xFE,
  0x00, 0x0F, 0x80, 0x00, 0x3C, 0x00, 0x00, 0xFC, 0x00, 0x01, 0x98, 0x00,
  0x03, 0x30, 0x00, 0x0F, 0xE0, 0x00, 0x1F, 0xC0, 0x00, 0x7F, 0xC0, 0x00,
  0xFF, 0x80, 0x01, 0xEF, 0x00, 0x07, 0xDF, 0x00, 0x0F, 0xBE, 0x00, 0x1E,
  0x3C, 0x00, 0x7C, 0x7C, 0x00, 0xF8, 0xF8, 0x01, 0xF1, 0xF0, 0x07, 0xC1,
  0xF0, 0x0F, 0x83, 0xE0, 0x1F, 0x07, 0xC0, 0x7C, 0x07, 0xC0, 0xFF, 0xFF,
  0x81, 0xFF, 0xFF, 0x07, 0xFF, 0xFF, 0x0F, 0xFF, 0xFE, 0x1F, 0x00, 0x7C,
  0x7E, 0x00, 0xFC, 0xF8, 0x00, 0xF9, 0xF0, 0x01, 0xF7, 0xE0, 0x03, 0xFF,
  0x80, 0x03, 0xE0, 0x00, 0x0F, 0xFF, 0xFF, 0xE0, 0x03, 0xFF, 0xFF, 0xFC,
  0x00, 0x7F, 0xFF, 0xFF, 0x80, 0x1F, 0xFF, 0xFF, 0xF0, 0x03, 0xEF, 0x80,
  0x00, 0x00, 0xFD, 0xF0, 0x00, 0x00, 0x1F, 0x3E, 0x00, 0x00, 0x07, 0xE7,
  0xC0, 0x00, 0x00, 0xF8, 0xF8, 0x00, 0x00, 0x3F, 0x1F, 0x00, 0x00, 0x07,
  0xC3, 0xFF, 0xFF, 0x01, 0xF8, 0x7F, 0xFF, 0xE0, 0x3E, 0x0F, 0xFF, 0xFC,
  0x07, 0xC1, 0xFF, 0xFF, 0x81, 0xF8, 0x3E, 0x00, 0x00, 0x3F, 0xFF, 0xC0,
  0x00, 0x0F, 0xFF, 0xF8, 0x00, 0x01, 0xFF, 0xFF, 0x00, 0x00, 0x7F, 0xFF,
  0xE0, 0x00, 0x0F, 0x80, 0x7C, 0x00, 0x03, 0xF0, 0x0F, 0x80, 0x00, 0x7C,
  0x01, 0xFF, 0xFF, 0xDF, 0x80, 0x3F, 0xFF, 0xFB, 0xE0, 0x07, 0xFF, 0xFF,
  0xFC, 0x00, 0xFF, 0xFF, 0xE0, 0x00, 0xFF, 0x00, 0x0F, 0xFF, 0x00, 0xFF,
  0xFE, 0x07, 0xFF, 0xFC, 0x3F, 0x83, 0xF8, 0xF8, 0x03, 0xE7, 0xC0, 0x0F,
  0xDF, 0x00, 0x1C, 0xF8, 0x00, 0x03, 0xE0, 0x00, 0x0F, 0x80, 0x00, 0x3E,
  0x00, 0x00, 0xF8, 0x00, 0x03, 0xE0, 0x00, 0x0F, 0x80, 0x00, 0x3E, 0x00,
  0x00, 0xF8, 0x00, 0x41, 0xF0, 0x03, 0xE7, 0xC0, 0x0F, 0xCF, 0x80, 0x7E,
  0x3F, 0x83, 0xF8, 0x7F, 0xFF, 0xC0, 0xFF, 0xFE, 0x01, 0xFF, 0xF0, 0x00,
  0xFE, 0x00, 0x03, 0xF0, 0x00, 0x0F, 0xE0, 0x00, 0x03, 0xC0, 0x00, 0x0F,
  0x00, 0x00, 0x7C, 0x00, 0x1F, 0xE0, 0x00, 0x7E, 0x00, 0x07, 0xC0, 0x00,
  0xF0, 0x00, 0x1E, 0x00, 0x03, 0x80, 0x00, 0x70, 0x00, 0x00, 0x00, 0x00,
  0x03, 0xFF, 0xFF, 0xFF, 0xFF, 0xFF, 0xFF, 0xFF, 0xFF, 0xFF, 0xE0, 0x00,
  0xF8, 0x00, 0x3E, 0x00, 0x0F, 0x80, 0x03, 0xE0, 0x00, 0xF8, 0x00, 0x3F,
  0xFF, 0xEF, 0xFF, 0xFB, 0xFF, 0xFE, 0xFF, 0xFF, 0xBE, 0x00, 0x0F, 0x80,
  0x03, 0xE0, 0x00, 0xF8, 0x00, 0x3E, 0x00, 0x0F, 0x80, 0x03, 0xE0, 0x00,
  0xFF, 0xFF, 0xFF, 0xFF, 0xFF, 0xFF, 0xFF, 0xFF, 0xFF, 0x00, 0x7C, 0x00,
  0x1E, 0x00, 0x0F, 0x00, 0x03, 0x80, 0x01, 0xC0, 0x00, 0x00, 0x00, 0x00,
  0x03, 0xFF, 0xFF, 0xFF, 0xFF, 0xFF, 0xFF, 0xFF, 0xFF, 0xFF, 0xE0, 0x00,
  0xF8, 0x00, 0x3E, 0x00, 0x0F, 0x80, 0x03, 0xE0, 0x00, 0xF8, 0x00, 0x3F,
  0xFF, 0xEF, 0xFF, 0xFB, 0xFF, 0xFE, 0xFF, 0xFF, 0xBE, 0x00, 0x0F, 0x80,
  0x03, 0xE0, 0x00, 0xF8, 0x00, 0x3E, 0x00, 0x0F, 0x80, 0x03, 0xE0, 0x00,
  0xFF, 0xFF, 0xFF, 0xFF, 0xFF, 0xFF, 0xFF, 0xFF, 0xFF, 0x01, 0xF0, 0x00,
  0xFE, 0x00, 0x3B, 0x80, 0x1E, 0xF0, 0x0F, 0x1E, 0x00, 0x00, 0x00, 0x00,
  0x03, 0xFF, 0xFF, 0xFF, 0xFF, 0xFF, 0xFF, 0xFF, 0xFF, 0xFF, 0xE0, 0x00,
  0xF8, 0x00, 0x3E, 0x00, 0x0F, 0x80, 0x03, 0xE0, 0x00, 0xF8, 0x00, 0x3F,
  0xFF, 0xEF, 0xFF, 0xFB, 0xFF, 0xFE, 0xFF, 0xFF, 0xBE, 0x00, 0x0F, 0x80,
  0x03, 0xE0, 0x00, 0xF8, 0x00, 0x3E, 0x00, 0x0F, 0x80, 0x03, 0xE0, 0x00,
  0xFF, 0xFF, 0xFF, 0xFF, 0xFF, 0xFF, 0xFF, 0xFF, 0xFF, 0x0F, 0x0F, 0x03,
  0xC3, 0xC0, 0xF0, 0xF0, 0x3C, 0x3C, 0x00, 0x00, 0x00, 0x00, 0x0F, 0xFF,
  0xFF, 0xFF, 0xFF, 0xFF, 0xFF, 0xFF, 0xFF, 0xFF, 0x80, 0x03, 0xE0, 0x00,
  0xF8, 0x00, 0x3E, 0x00, 0x0F, 0x80, 0x03, 0xE0, 0x00, 0xFF, 0xFF, 0xBF,
  0xFF, 0xEF, 0xFF, 0xFB, 0xFF, 0xFE, 0xF8, 0x00, 0x3E, 0x00, 0x0F, 0x80,
  0x03, 0xE0, 0x00, 0xF8, 0x00, 0x3E, 0x00, 0x0F, 0x80, 0x03, 0xFF, 0xFF,
  0xFF, 0xFF, 0xFF, 0xFF, 0xFF, 0xFF, 0xFC, 0xF8, 0xF0, 0xF0, 0xE0, 0xE0,
  0x00, 0x3E, 0x7C, 0xF9, 0xF3, 0xE7, 0xCF, 0x9F, 0x3E, 0x7C, 0xF9, 0xF3,
  0xE7, 0xCF, 0x9F, 0x3E, 0x7C, 0xF9, 0xF3, 0xE7, 0xCF, 0x9F, 0x3E, 0x3E,
  0x79, 0xE3, 0x8E, 0x00, 0x00, 0x3E, 0x7C, 0xF9, 0xF3, 0xE7, 0xCF, 0x9F,
  0x3E, 0x7C, 0xF9, 0xF3, 0xE7, 0xCF, 0x9F, 0x3E, 0x7C, 0xF9, 0xF3, 0xE7,
  0xCF, 0x9F, 0x3E, 0x1F, 0x07, 0xF0, 0xEE, 0x3D, 0xEF, 0x1E, 0x00, 0x00,
  0x00, 0xF8, 0x1F, 0x03, 0xE0, 0x7C, 0x0F, 0x81, 0xF0, 0x3E, 0x07, 0xC0,
  0xF8, 0x1F, 0x03, 0xE0, 0x7C, 0x0F, 0x81, 0xF0, 0x3E, 0x07, 0xC0, 0xF8,
  0x1F, 0x03, 0xE0, 0x7C, 0x0F, 0x81, 0xF0, 0x3E, 0x07, 0xC0, 0xF8, 0xF0,
  0xFF, 0x0F, 0xF0, 0xFF, 0x0F, 0x00, 0x00, 0x00, 0x1F, 0x01, 0xF0, 0x1F,
  0x01, 0xF0, 0x1F, 0x01, 0xF0, 0x1F, 0x01, 0xF0, 0x1F, 0x01, 0xF0, 0x1F,
  0x01, 0xF0, 0x1F, 0x01, 0xF0, 0x1F, 0x01, 0xF0, 0x1F, 0x01, 0xF0, 0x1F,
  0x01, 0xF0, 0x1F, 0x01, 0xF0, 0x1F, 0x01, 0xF0, 0x1F, 0x00, 0x1F, 0xFF,
  0x80, 0x1F, 0xFF, 0xE0, 0x1F, 0xFF, 0xF0, 0x1F, 0xFF, 0xF8, 0x1F, 0x01,
  0xFC, 0x1F, 0x00, 0x7E, 0x1F, 0x00, 0x3E, 0x1F, 0x00, 0x3E, 0x1F, 0x00,
  0x1F, 0x1F, 0x00, 0x1F, 0x1F, 0x00, 0x1F, 0xFF, 0xFC, 0x1F, 0xFF, 0xFC,
  0x1F, 0xFF, 0xFC, 0x1F, 0x1F, 0x00, 0x1F, 0x1F, 0x00, 0x1F, 0x1F, 0x00,
  0x1F, 0x1F, 0x00, 0x3E, 0x1F, 0x00, 0x3E, 0x1F, 0x00, 0x7E, 0x1F, 0x00,
  0xFC, 0x1F, 0xFF, 0xF8, 0x1F, 0xFF, 0xF8, 0x1F, 0xFF, 0xE0, 0x1F, 0xFF,
  0x80, 0x07, 0xC3, 0x01, 0xFF, 0xE0, 0x3F, 0xF8, 0x06, 0x1F, 0x00, 0x00,
  0x00, 0x00, 0x00, 0x3F, 0x00, 0x7F, 0xE0, 0x0F, 0xFE, 0x01, 0xFF, 0xC0,
  0x3F, 0xFC, 0x07, 0xFF, 0x80, 0xFF, 0xF8, 0x1F, 0xEF, 0x03, 0xFD, 0xF0,
  0x7F, 0x9E, 0x0F, 0xF3, 0xE1, 0xFE, 0x3C, 0x3F, 0xC7, 0xC7, 0xF8, 0x78,
  0xFF, 0x0F, 0x9F, 0xE0, 0xF3, 0xFC, 0x1F, 0x7F, 0x81, 0xEF, 0xF0, 0x3D,
  0xFE, 0x03, 0xFF, 0xC0, 0x7F, 0xF8, 0x07, 0xFF, 0x00, 0xFF, 0xE0, 0x0F,
  0xFC, 0x01, 0xF8, 0x00, 0xF8, 0x00, 0x00, 0x78, 0x00, 0x00, 0x3C, 0x00,
  0x00, 0x1C, 0x00, 0x00, 0x0E, 0x00, 0x00, 0x00, 0x00, 0x00, 0x00, 0x00,
  0x00, 0xFF, 0x00, 0x03, 0xFF, 0xC0, 0x0F, 0xFF, 0xF0, 0x1F, 0xFF, 0xF8,
  0x3F, 0x81, 0xFC, 0x3F, 0x00, 0xFC, 0x7E, 0x00, 0x7E, 0x7C, 0x00, 0x3E,
  0xFC, 0x00, 0x3F, 0xF8, 0x00, 0x1F, 0xF8, 0x00, 0x1F, 0xF8, 0x00, 0x1F,
  0xF8, 0x00, 0x1F, 0xF8, 0x00, 0x1F, 0xF8, 0x00, 0x1F, 0xF8, 0x00, 0x1F,
  0xFC, 0x00, 0x3F, 0x7C, 0x00, 0x3E, 0x7E, 0x00, 0x7E, 0x3F, 0x00, 0xFC,
  0x3F, 0x81, 0xFC, 0x1F, 0xFF, 0xF8, 0x0F, 0xFF, 0xF0, 0x03, 0xFF, 0xC0,
  0x00, 0xFF, 0x00, 0x00, 0x1F, 0x00, 0x00, 0x1E, 0x00, 0x00, 0x3C, 0x00,
  0x00, 0x38, 0x00, 0x00, 0x70, 0x00, 0x00, 0x00, 0x00, 0x00, 0x00, 0x00,
  0x00, 0xFF, 0x00, 0x03, 0xFF, 0xC0, 0x0F, 0xFF, 0xF0, 0x1F, 0xFF, 0xF8,
  0x3F, 0x81, 0xFC, 0x3F, 0x00, 0xFC, 0x7E, 0x00, 0x7E, 0x7C, 0x00, 0x3E,
  0xFC, 0x00, 0x3F, 0xF8, 0x00, 0x1F, 0xF8, 0x00, 0x1F, 0xF8, 0x00, 0x1F,
  0xF8, 0x00, 0x1F, 0xF8, 0x00, 0x1F, 0xF8, 0x00, 0x1F, 0xF8, 0x00, 0x1F,
  0xFC, 0x00, 0x3F, 0x7C, 0x00, 0x3E, 0x7E, 0x00, 0x7E, 0x3F, 0x00, 0xFC,
  0x3F, 0x81, 0xFC, 0x1F, 0xFF, 0xF8, 0x0F, 0xFF, 0xF0, 0x03, 0xFF, 0xC0,
  0x00, 0xFF, 0x00, 0x00, 0x3E, 0x00, 0x00, 0x7F, 0x00, 0x00, 0x77, 0x00,
  0x00, 0xF7, 0x80, 0x01, 0xE3, 0xC0, 0x00, 0x00, 0x00, 0x00, 0x00, 0x00,
  0x00, 0xFF, 0x00, 0x03, 0xFF, 0xC0, 0x0F, 0xFF, 0xF0, 0x1F, 0xFF, 0xF8,
  0x3F, 0x81, 0xFC, 0x3F, 0x00, 0xFC, 0x7E, 0x00, 0x7E, 0x7C, 0x00, 0x3E,
  0xFC, 0x00, 0x3F, 0xF8, 0x00, 0x1F, 0xF8, 0x00, 0x1F, 0xF8, 0x00, 0x1F,
  0xF8, 0x00, 0x1F, 0xF8, 0x00, 0x1F, 0xF8, 0x00, 0x1F, 0xF8, 0x00, 0x1F,
  0xFC, 0x00, 0x3F, 0x7C, 0x00, 0x3E, 0x7E, 0x00, 0x7E, 0x3F, 0x00, 0xFC,
  0x3F, 0x81, 0xFC, 0x1F, 0xFF, 0xF8, 0x0F, 0xFF, 0xF0, 0x03, 0xFF, 0xC0,
  0x00, 0xFF, 0x00, 0x00, 0xF8, 0x60, 0x01, 0xFF, 0xE0, 0x01, 0xFF, 0xC0,
  0x01, 0x87, 0xC0, 0x00, 0x00, 0x00, 0x00, 0x00, 0x00, 0x00, 0xFF, 0x00,
  0x03, 0xFF, 0xC0, 0x0F, 0xFF, 0xF0, 0x1F, 0xFF, 0xF8, 0x3F, 0x81, 0xFC,
  0x3F, 0x00, 0xFC, 0x7E, 0x00, 0x7E, 0x7C, 0x00, 0x3E, 0xFC, 0x00, 0x3F,
  0xF8, 0x00, 0x1F, 0xF8, 0x00, 0x1F, 0xF8, 0x00, 0x1F, 0xF8, 0x00, 0x1F,
  0xF8, 0x00, 0x1F, 0xF8, 0x00, 0x1F, 0xF8, 0x00, 0x1F, 0xFC, 0x00, 0x3F,
  0x7C, 0x00, 0x3E, 0x7E, 0x00, 0x7E, 0x3F, 0x00, 0xFC, 0x3F, 0x81, 0xFC,
  0x1F, 0xFF, 0xF8, 0x0F, 0xFF, 0xF0, 0x03, 0xFF, 0xC0, 0x00, 0xFF, 0x00,
  0x03, 0xC3, 0xC0, 0x03, 0xC3, 0xC0, 0x03, 0xC3, 0xC0, 0x03, 0xC3, 0xC0,
  0x00, 0x00, 0x00, 0x00, 0x00, 0x00, 0x00, 0xFF, 0x00, 0x03, 0xFF, 0xC0,
  0x0F, 0xFF, 0xF0, 0x1F, 0xFF, 0xF8, 0x3F, 0x81, 0xFC, 0x3F, 0x00, 0xFC,
  0x7E, 0x00, 0x7E, 0x7C, 0x00, 0x3E, 0xFC, 0x00, 0x3F, 0xF8, 0x00, 0x1F,
  0xF8, 0x00, 0x1F, 0xF8, 0x00, 0x1F, 0xF8, 0x00, 0x1F, 0xF8, 0x00, 0x1F,
  0xF8, 0x00, 0x1F, 0xF8, 0x00, 0x1F, 0xFC, 0x00, 0x3F, 0x7C, 0x00, 0x3E,
  0x7E, 0x00, 0x7E, 0x3F, 0x00, 0xFC, 0x3F, 0x81, 0xFC, 0x1F, 0xFF, 0xF8,
  0x0F, 0xFF, 0xF0, 0x03, 0xFF, 0xC0, 0x00, 0xFF, 0x00, 0x20, 0x08, 0xE0,
  0x3B, 0xE0, 0xFB, 0xE3, 0xE3, 0xEF, 0x83, 0xFE, 0x03, 0xF8, 0x03, 0xE0,
  0x0F, 0xE0, 0x3F, 0xE0, 0xFB, 0xE3, 0xE3, 0xEF, 0x83, 0xEE, 0x03, 0x88,
  0x02, 0x00, 0x00, 0x00, 0x01, 0x00, 0x0F, 0xF8, 0x30, 0x07, 0xFF, 0xEF,
  0x83, 0xFF, 0xFF, 0xE0, 0xFF, 0xFF, 0xF8, 0x3F, 0xC0, 0xFE, 0x07, 0xE0,
  0x0F, 0xC1, 0xF8, 0x03, 0xFC, 0x3E, 0x00, 0xFF, 0x8F, 0xC0, 0x3F, 0xF9,
  0xF0, 0x0F, 0x9F, 0x3E, 0x03, 0xE3, 0xE7, 0xC0, 0xF8, 0x7C, 0xF8, 0x3E,
  0x0F, 0x9F, 0x0F, 0x81, 0xF3, 0xE3, 0xE0, 0x3E, 0x7C, 0xF8, 0x07, 0xCF,
  0xFE, 0x01, 0xF8, 0xFF, 0x80, 0x3E, 0x1F, 0xE0, 0x0F, 0xC1, 0xF8, 0x03,
  0xF0, 0x3F, 0xC1, 0xFE, 0x0F, 0xFF, 0xFF, 0x83, 0xFF, 0xFF, 0xE0, 0xF9,
  0xFF, 0xF0, 0x06, 0x0F, 0xF8, 0x00, 0x40, 0x00, 0x00, 0x00, 0x07, 0xC0,
  0x00, 0x78, 0x00, 0x07, 0x80, 0x00, 0x70, 0x00, 0x07, 0x00, 0x00, 0x00,
  0x00, 0x00, 0x07, 0xC0, 0x1F, 0xF8, 0x03, 0xFF, 0x00, 0x7F, 0xE0, 0x0F,
  0xFC, 0x01, 0xFF, 0x80, 0x3F, 0xF0, 0x07, 0xFE, 0x00, 0xFF, 0xC0, 0x1F,
  0xF8, 0x03, 0xFF, 0x00, 0x7F, 0xE0, 0x0F, 0xFC, 0x01, 0xFF, 0x80, 0x3F,
  0xF0, 0x07, 0xFE, 0x00, 0xFF, 0xC0, 0x1F, 0xF8, 0x03, 0xFF, 0x00, 0x7F,
  0xF0, 0x1F, 0xBF, 0x07, 0xE7, 0xFF, 0xFC, 0x7F, 0xFF, 0x07, 0xFF, 0xC0,
  0x3F, 0xE0, 0x00, 0x7C, 0x00, 0x0F, 0x00, 0x03, 0xC0, 0x00, 0x70, 0x00,
  0x1C, 0x00, 0x00, 0x00, 0x00, 0x00, 0x07, 0xC0, 0x1F, 0xF8, 0x03, 0xFF,
  0x00, 0x7F, 0xE0, 0x0F, 0xFC, 0x01, 0xFF, 0x80, 0x3F, 0xF0, 0x07, 0xFE,
  0x00, 0xFF, 0xC0, 0x1F, 0xF8, 0x03, 0xFF, 0x00, 0x7F, 0xE0, 0x0F, 0xFC,
  0x01, 0xFF, 0x80, 0x3F, 0xF0, 0x07, 0xFE, 0x00, 0xFF, 0xC0, 0x1F, 0xF8,
  0x03, 0xFF, 0x00, 0x7F, 0xF0, 0x1F, 0xBF, 0x07, 0xE7, 0xFF, 0xFC, 0x7F,
  0xFF, 0x07, 0xFF, 0xC0, 0x3F, 0xE0, 0x01, 0xF0, 0x00, 0x7F, 0x00, 0x0E,
  0xE0, 0x03, 0xDE, 0x00, 0xF1, 0xE0, 0x00, 0x00, 0x00, 0x00, 0x07, 0xC0,
  0x1F, 0xF8, 0x03, 0xFF, 0x00, 0x7F, 0xE0, 0x0F, 0xFC, 0x01, 0xFF, 0x80,
  0x3F, 0xF0, 0x07, 0xFE, 0x00, 0xFF, 0xC0, 0x1F, 0xF8, 0x03, 0xFF, 0x00,
  0x7F, 0xE0, 0x0F, 0xFC, 0x01, 0xFF, 0x80, 0x3F, 0xF0, 0x07, 0xFE, 0x00,
  0xFF, 0xC0, 0x1F, 0xF8, 0x03, 0xFF, 0x00, 0x7F, 0xF0, 0x1F, 0xBF, 0x07,
  0xE7, 0xFF, 0xFC, 0x7F, 0xFF, 0x07, 0xFF, 0xC0, 0x3F, 0xE0, 0x0F, 0x0F,
  0x01, 0xE1, 0xE0, 0x3C, 0x3C, 0x07, 0x87, 0x80, 0x00, 0x00, 0x00, 0x00,
  0x3E, 0x00, 0xFF, 0xC0, 0x1F, 0xF8, 0x03, 0xFF, 0x00, 0x7F, 0xE0, 0x0F,
  0xFC, 0x01, 0xFF, 0x80, 0x3F, 0xF0, 0x07, 0xFE, 0x00, 0xFF, 0xC0, 0x1F,
  0xF8, 0x03, 0xFF, 0x00, 0x7F, 0xE0, 0x0F, 0xFC, 0x01, 0xFF, 0x80, 0x3F,
  0xF0, 0x07, 0xFE, 0x00, 0xFF, 0xC0, 0x1F, 0xF8, 0x03, 0xFF, 0x80, 0xFD,
  0xF8, 0x3F, 0x3F, 0xFF, 0xE3, 0xFF, 0xF8, 0x3F, 0xFE, 0x01, 0xFF, 0x00,
  0x00, 0x0F, 0x80, 0x00, 0x07, 0x80, 0x00, 0x07, 0x80, 0x00, 0x03, 0x80,
  0x00, 0x03, 0x80, 0x00, 0x00, 0x00, 0x00, 0x00, 0x00, 0x00, 0xFC, 0x00,
  0x7E, 0x7E, 0x00, 0x3F, 0x1F, 0x80, 0x3F, 0x07, 0xC0, 0x1F, 0x03, 0xF0,
  0x1F, 0x80, 0xFC, 0x1F, 0x80, 0x3E, 0x0F, 0x80, 0x1F, 0x8F, 0xC0, 0x07,
  0xC7, 0xC0, 0x01, 0xF7, 0xC0, 0x00, 0xFF, 0xE0, 0x00, 0x3F, 0xE0, 0x00,
  0x0F, 0xE0, 0x00, 0x07, 0xF0, 0x00, 0x01, 0xF0, 0x00, 0x00, 0xF8, 0x00,
  0x00, 0x7C, 0x00, 0x00, 0x3E, 0x00, 0x00, 0x1F, 0x00, 0x00, 0x0F, 0x80,
  0x00, 0x07, 0xC0, 0x00, 0x03, 0xE0, 0x00, 0x01, 0xF0, 0x00, 0x00, 0xF8,
  0x00, 0x00, 0x7C, 0x00, 0xF8, 0x00, 0x3E, 0x00, 0x0F, 0x80, 0x03, 0xE0,
  0x00, 0xF8, 0x00, 0x3F, 0xFE, 0x0F, 0xFF, 0xE3, 0xFF, 0xFC, 0xFF, 0xFF,
  0xBE, 0x07, 0xEF, 0x80, 0xFF, 0xE0, 0x1F, 0xF8, 0x07, 0xFE, 0x01, 0xFF,
  0x80, 0xFF, 0xE0, 0x7E, 0xFF, 0xFF, 0xBF, 0xFF, 0xCF, 0xFF, 0xE3, 0xFF,
  0xE0, 0xF8, 0x00, 0x3E, 0x00, 0x0F, 0x80, 0x03, 0xE0, 0x00, 0xF8, 0x00,
  0x00, 0x0F, 0xE0, 0x0F, 0xFC, 0x07, 0xFF, 0x81, 0xFF, 0xF0, 0xFC, 0x7C,
  0x3E, 0x1F, 0x0F, 0x87, 0xC3, 0xE3, 0xE0, 0xF8, 0xF8, 0x3E, 0x3C, 0x0F,
  0x9F, 0x03, 0xE7, 0xC0, 0xF9, 0xF8, 0x3E, 0x3F, 0x0F, 0x87, 0xE3, 0xE0,
  0xFC, 0xF8, 0x1F, 0xBE, 0x03, 0xFF, 0x80, 0x7F, 0xE1, 0x1F, 0xF9, 0xE7,
  0xFE, 0xFF, 0xFF, 0x9F, 0xFB, 0xE3, 0xFC, 0xF8, 0x7C, 0x00, 0x07, 0xC0,
  0x01, 0xE0, 0x00, 0x78, 0x00, 0x1C, 0x00, 0x07, 0x00, 0x00, 0x00, 0x00,
  0x00, 0x00, 0x00, 0x07, 0xF8, 0x0F, 0xFE, 0x0F, 0xFF, 0x87, 0xFF, 0xE7,
  0xC3, 0xF0, 0xC0, 0xF8, 0x00, 0x7C, 0x00, 0xFE, 0x07, 0xFF, 0x1F, 0xFF,
  0x9F, 0xE7, 0xDF, 0x83, 0xEF, 0x81, 0xF7, 0xC0, 0xFB, 0xF1, 0xFD, 0xFF,
  0xFE, 0x7F, 0xFF, 0x1F, 0xE7, 0x87, 0xC3, 0xE0, 0x00, 0xF8, 0x00, 0x78,
  0x00, 0x78, 0x00, 0x38, 0x00, 0x38, 0x00, 0x00, 0x00, 0x00, 0x00, 0x00,
  0x00, 0x07, 0xF8, 0x0F, 0xFE, 0x0F, 0xFF, 0x87, 0xFF, 0xE7, 0xC3, 0xF0,
  0xC0, 0xF8, 0x00, 0x7C, 0x00, 0xFE, 0x07, 0xFF, 0x1F, 0xFF, 0x9F, 0xE7,
  0xDF, 0x83, 0xEF, 0x81, 0xF7, 0xC0, 0xFB, 0xF1, 0xFD, 0xFF, 0xFE, 0x7F,
  0xFF, 0x1F, 0xE7, 0x87, 0xC3, 0xE0, 0x01, 0xF0, 0x01, 0xFC, 0x00, 0xEE,
  0x00, 0xF7, 0x80, 0xF1, 0xE0, 0x00, 0x00, 0x00, 0x00, 0x00, 0x00, 0x07,
  0xF8, 0x0F, 0xFE, 0x0F, 0xFF, 0x87, 0xFF, 0xE7, 0xC3, 0xF0, 0xC0, 0xF8,
  0x00, 0x7C, 0x00, 0xFE, 0x07, 0xFF, 0x1F, 0xFF, 0x9F, 0xE7, 0xDF, 0x83,
  0xEF, 0x81, 0xF7, 0xC0, 0xFB, 0xF1, 0xFD, 0xFF, 0xFE, 0x7F, 0xFF, 0x1F,
  0xE7, 0x87, 0xC3, 0xE0, 0x0F, 0x86, 0x0F, 0xFF, 0x07, 0xFF, 0x03, 0x0F,
  0x80, 0x00, 0x00, 0x00, 0x00, 0x00, 0x00, 0x0F, 0xF0, 0x1F, 0xFC, 0x1F,
  0xFF, 0x0F, 0xFF, 0xCF, 0x87, 0xE1, 0x81, 0xF0, 0x00, 0xF8, 0x01, 0xFC,
  0x0F, 0xFE, 0x3F, 0xFF, 0x3F, 0xCF, 0xBF, 0x07, 0xDF, 0x03, 0xEF, 0x81,
  0xF7, 0xE3, 0xFB, 0xFF, 0xFC, 0xFF, 0xFE, 0x3F, 0xCF, 0x0F, 0x87, 0xC0,
  0x1E, 0x1E, 0x0F, 0x0F, 0x07, 0x87, 0x83, 0xC3, 0xC0, 0x00, 0x00, 0x00,
  0x00, 0x00, 0x00, 0x0F, 0xF0, 0x1F, 0xFC, 0x1F, 0xFF, 0x0F, 0xFF, 0xCF,
  0x87, 0xE1, 0x81, 0xF0, 0x00, 0xF8, 0x01, 0xFC, 0x0F, 0xFE, 0x3F, 0xFF,
  0x3F, 0xCF, 0xBF, 0x07, 0xDF, 0x03, 0xEF, 0x81, 0xF7, 0xE3, 0xFB, 0xFF,
  0xFC, 0xFF, 0xFE, 0x3F, 0xCF, 0x0F, 0x87, 0xC0, 0x01, 0xE0, 0x01, 0xF8,
  0x00, 0xCC, 0x00, 0x66, 0x00, 0x3F, 0x00, 0x0F, 0x00, 0x00, 0x00, 0x00,
  0x00, 0x00, 0x00, 0x03, 0xFC, 0x07, 0xFF, 0x07, 0xFF, 0xC3, 0xFF, 0xF3,
  0xE1, 0xF8, 0x60, 0x7C, 0x00, 0x3E, 0x00, 0x7F, 0x03, 0xFF, 0x8F, 0xFF,
  0xCF, 0xF3, 0xEF, 0xC1, 0xF7, 0xC0, 0xFB, 0xE0, 0x7D, 0xF8, 0xFE, 0xFF,
  0xFF, 0x3F, 0xFF, 0x8F, 0xF3, 0xC3, 0xE1, 0xF0, 0x07, 0xF0, 0x7E, 0x01,
  0xFF, 0xDF, 0xF0, 0x3F, 0xFF, 0xFF, 0xC3, 0xFF, 0xFF, 0xFC, 0x7C, 0x3F,
  0xC7, 0xE1, 0x81, 0xF8, 0x3E, 0x00, 0x1F, 0x01, 0xF0, 0x07, 0xF0, 0x1F,
  0x07, 0xFF, 0xFF, 0xF3, 0xFF, 0xFF, 0xFF, 0x7F, 0x9F, 0xFF, 0xFF, 0xC1,
  0xF0, 0x00, 0xF8, 0x1F, 0x00, 0x0F, 0x81, 0xF8, 0x1C, 0xFC, 0x7F, 0xC3,
  0xFF, 0xFF, 0xFF, 0xFE, 0x7F, 0xFF, 0xFF, 0xC3, 0xFE, 0x1F, 0xF8, 0x1F,
  0x80, 0x7E, 0x00, 0x03, 0xF0, 0x07, 0xFE, 0x0F, 0xFF, 0x87, 0xFF, 0xE7,
  0xE1, 0xF3, 0xE0, 0xFF, 0xE0, 0x39, 0xF0, 0x00, 0xF8, 0x00, 0x7C, 0x00,
  0x3E, 0x00, 0x1F, 0x01, 0xCF, 0x80, 0xFB, 0xE0, 0xFD, 0xF8, 0xFC, 0x7F,
  0xFE, 0x3F, 0xFE, 0x0F, 0xFE, 0x01, 0xFC, 0x00, 0xFC, 0x00, 0x7F, 0x00,
  0x03, 0xC0, 0x01, 0xE0, 0x01, 0xF0, 0x0F, 0xF0, 0x07, 0xE0, 0x00, 0x07,
  0xC0, 0x01, 0xE0, 0x00, 0x78, 0x00, 0x1C, 0x00, 0x07, 0x00, 0x00, 0x00,
  0x00, 0x00, 0x00, 0x00, 0x07, 0xF0, 0x07, 0xFC, 0x0F, 0xFF, 0x87, 0xFF,
  0xC7, 0xE3, 0xF3, 0xE0, 0xFB, 0xE0, 0x3F, 0xF0, 0x1F, 0xFF, 0xFF, 0xFF,
  0xFF, 0xFF, 0xFF, 0xFF, 0x00, 0x0F, 0x80, 0x03, 0xE0, 0x01, 0xF8, 0x78,
  0x7F, 0xFF, 0x3F, 0xFF, 0x0F, 0xFF, 0x01, 0xFE, 0x00, 0x00, 0xF8, 0x00,
  0x78, 0x00, 0x78, 0x00, 0x38, 0x00, 0x38, 0x00, 0x00, 0x00, 0x00, 0x00,
  0x00, 0x00, 0x07, 0xF0, 0x07, 0xFC, 0x0F, 0xFF, 0x87, 0xFF, 0xC7, 0xE3,
  0xF3, 0xE0, 0xFB, 0xE0, 0x3F, 0xF0, 0x1F, 0xFF, 0xFF, 0xFF, 0xFF, 0xFF,
  0xFF, 0xFF, 0x00, 0x0F, 0x80, 0x03, 0xE0, 0x01, 0xF8, 0x78, 0x7F, 0xFF,
  0x3F, 0xFF, 0x0F, 0xFF, 0x01, 0xFE, 0x00, 0x03, 0xE0, 0x03, 0xF8, 0x01,
  0xDC, 0x01, 0xEF, 0x01, 0xE3, 0xC0, 0x00, 0x00, 0x00, 0x00, 0x00, 0x00,
  0x07, 0xF0, 0x07, 0xFC, 0x0F, 0xFF, 0x87, 0xFF, 0xC7, 0xE3, 0xF3, 0xE0,
  0xFB, 0xE0, 0x3F, 0xF0, 0x1F, 0xFF, 0xFF, 0xFF, 0xFF, 0xFF, 0xFF, 0xFF,
  0x00, 0x0F, 0x80, 0x03, 0xE0, 0x01, 0xF8, 0x78, 0x7F, 0xFF, 0x3F, 0xFF,
  0x0F, 0xFF, 0x01, 0xFE, 0x00, 0x1E, 0x1E, 0x0F, 0x0F, 0x07, 0x87, 0x83,
  0xC3, 0xC0, 0x00, 0x00, 0x00, 0x00, 0x00, 0x00, 0x0F, 0xE0, 0x0F, 0xF8,
  0x1F, 0xFF, 0x0F, 0xFF, 0x8F, 0xC7, 0xE7, 0xC1, 0xF7, 0xC0, 0x7F, 0xE0,
  0x3F, 0xFF, 0xFF, 0xFF, 0xFF, 0xFF, 0xFF, 0xFE, 0x00, 0x1F, 0x00, 0x07,
  0xC0, 0x03, 0xF0, 0xF0, 0xFF, 0xFE, 0x7F, 0xFE, 0x1F, 0xFE, 0x03, 0xFC,
  0x00, 0xF8, 0xF0, 0xF0, 0xE0, 0xE0, 0x00, 0x00, 0x7C, 0xF9, 0xF3, 0xE7,
  0xCF, 0x9F, 0x3E, 0x7C, 0xF9, 0xF3, 0xE7, 0xCF, 0x9F, 0x3E, 0x7C, 0xF9,
  0xF0, 0x3E, 0x79, 0xE3, 0x8E, 0x00, 0x00, 0x00, 0x7C, 0xF9, 0xF3, 0xE7,
  0xCF, 0x9F, 0x3E, 0x7C, 0xF9, 0xF3, 0xE7, 0xCF, 0x9F, 0x3E, 0x7C, 0xF9,
  0xF0, 0x1F, 0x07, 0xF0, 0xEE, 0x3D, 0xEF, 0x1E, 0x00, 0x00, 0x00, 0x00,
  0x1F, 0x03, 0xE0, 0x7C, 0x0F, 0x81, 0xF0, 0x3E, 0x07, 0xC0, 0xF8, 0x1F,
  0x03, 0xE0, 0x7C, 0x0F, 0x81, 0xF0, 0x3E, 0x07, 0xC0, 0xF8, 0x1F, 0x03,
  0xE0, 0x7C, 0x00, 0xF0, 0xFF, 0x0F, 0xF0, 0xFF, 0x0F, 0x00, 0x00, 0x00,
  0x00, 0x01, 0xF0, 0x1F, 0x01, 0xF0, 0x1F, 0x01, 0xF0, 0x1F, 0x01, 0xF0,
  0x1F, 0x01, 0xF0, 0x1F, 0x01, 0xF0, 0x1F, 0x01, 0xF0, 0x1F, 0x01, 0xF0,
  0x1F, 0x01, 0xF0, 0x1F, 0x01, 0xF0, 0x07, 0xC6, 0x00, 0x3F, 0xC0, 0x03,
  0xF0, 0x01, 0xFE, 0x00, 0x73, 0xE0, 0x08, 0x3C, 0x00, 0xFF, 0xC0, 0x7F,
  0xFC, 0x1F, 0xFF, 0x87, 0xFF, 0xF9, 0xF8, 0x7F, 0x3E, 0x03, 0xEF, 0xC0,
  0x7F, 0xF0, 0x07, 0xFE, 0x00, 0xFF, 0xC0, 0x1F, 0xF8, 0x03, 0xFF, 0x00,
  0x7F, 0xF0, 0x1F, 0xBE, 0x03, 0xE7, 0xE1, 0xFC, 0x7F, 0xFF, 0x07, 0xFF,
  0xC0, 0x7F, 0xF0, 0x03, 0xF8, 0x00, 0x1F, 0x0C, 0x3F, 0xFC, 0x3F, 0xF8,
  0x30, 0xF8, 0x00, 0x00, 0x00, 0x00, 0x00, 0x00, 0xF1, 0xF8, 0xF7, 0xFC,
  0xFF, 0xFE, 0xFF, 0xFF, 0xFE, 0x3F, 0xFC, 0x1F, 0xF8, 0x1F, 0xF8, 0x1F,
  0xF8, 0x1F, 0xF8, 0x1F, 0xF8, 0x1F, 0xF8, 0x1F, 0xF8, 0x1F, 0xF8, 0x1F,
  0xF8, 0x1F, 0xF8, 0x1F, 0xF8, 0x1F, 0xF8, 0x1F, 0xF8, 0x1F, 0x03, 0xE0,
  0x00, 0x3C, 0x00, 0x03, 0xC0, 0x00, 0x38, 0x00, 0x03, 0x80, 0x00, 0x00,
  0x00, 0x00, 0x00, 0x00, 0x00, 0x03, 0xF8, 0x01, 0xFF, 0xC0, 0x7F, 0xFC,
  0x1F, 0xFF, 0xC7, 0xE1, 0xFC, 0xF8, 0x0F, 0xBF, 0x01, 0xFF, 0xC0, 0x1F,
  0xF8, 0x03, 0xFF, 0x00, 0x7F, 0xE0, 0x0F, 0xFC, 0x01, 0xFF, 0xC0, 0x7E,
  0xF8, 0x0F, 0x9F, 0x83, 0xF1, 0xFF, 0xFC, 0x1F, 0xFF, 0x01, 0xFF, 0xC0,
  0x0F, 0xE0, 0x00, 0x00, 0x7C, 0x00, 0x0F, 0x00, 0x03, 0xC0, 0x00, 0x70,
  0x00, 0x1C, 0x00, 0x00, 0x00, 0x00, 0x00, 0x00, 0x00, 0x00, 0x03, 0xF8,
  0x01, 0xFF, 0xC0, 0x7F, 0xFC, 0x1F, 0xFF, 0xC7, 0xE1, 0xFC, 0xF8, 0x0F,
  0xBF, 0x01, 0xFF, 0xC0, 0x1F, 0xF8, 0x03, 0xFF, 0x00, 0x7F, 0xE0, 0x0F,
  0xFC, 0x01, 0xFF, 0xC0, 0x7E, 0xF8, 0x0F, 0x9F, 0x83, 0xF1, 0xFF, 0xFC,
  0x1F, 0xFF, 0x01, 0xFF, 0xC0, 0x0F, 0xE0, 0x00, 0x01, 0xF0, 0x00, 0x7F,
  0x00, 0x0E, 0xE0, 0x03, 0xDE, 0x00, 0xF1, 0xE0, 0x00, 0x00, 0x00, 0x00,
  0x00, 0x00, 0x00, 0x03, 0xF8, 0x01, 0xFF, 0xC0, 0x7F, 0xFC, 0x1F, 0xFF,
  0xC7, 0xE1, 0xFC, 0xF8, 0x0F, 0xBF, 0x01, 0xFF, 0xC0, 0x1F, 0xF8, 0x03,
  0xFF, 0x00, 0x7F, 0xE0, 0x0F, 0xFC, 0x01, 0xFF, 0xC0, 0x7E, 0xF8, 0x0F,
  0x9F, 0x83, 0xF1, 0xFF, 0xFC, 0x1F, 0xFF, 0x01, 0xFF, 0xC0, 0x0F, 0xE0,
  0x00, 0x07, 0xC3, 0x01, 0xFF, 0xE0, 0x3F, 0xF8, 0x06, 0x1F, 0x00, 0x00,
  0x00, 0x00, 0x00, 0x00, 0x00, 0x00, 0x1F, 0xC0, 0x0F, 0xFE, 0x03, 0xFF,
  0xE0, 0xFF, 0xFE, 0x3F, 0x0F, 0xE7, 0xC0, 0x7D, 0xF8, 0x0F, 0xFE, 0x00,
  0xFF, 0xC0, 0x1F, 0xF8, 0x03, 0xFF, 0x00, 0x7F, 0xE0, 0x0F, 0xFE, 0x03,
  0xF7, 0xC0, 0x7C, 0xFC, 0x1F, 0x8F, 0xFF, 0xE0, 0xFF, 0xF8, 0x0F, 0xFE,
  0x00, 0x7F, 0x00, 0x0F, 0x0F, 0x01, 0xE1, 0xE0, 0x3C, 0x3C, 0x07, 0x87,
  0x80, 0x00, 0x00, 0x00, 0x00, 0x00, 0x00, 0x00, 0x1F, 0xC0, 0x0F, 0xFE,
  0x03, 0xFF, 0xE0, 0xFF, 0xFE, 0x3F, 0x0F, 0xE7, 0xC0, 0x7D, 0xF8, 0x0F,
  0xFE, 0x00, 0xFF, 0xC0, 0x1F, 0xF8, 0x03, 0xFF, 0x00, 0x7F, 0xE0, 0x0F,
  0xFE, 0x03, 0xF7, 0xC0, 0x7C, 0xFC, 0x1F, 0x8F, 0xFF, 0xE0, 0xFF, 0xF8,
  0x0F, 0xFE, 0x00, 0x7F, 0x00, 0x01, 0xE0, 0x00, 0x78, 0x00, 0x1E, 0x00,
  0x07, 0x80, 0x00, 0x00, 0x00, 0x00, 0x0F, 0xFF, 0xFF, 0xFF, 0xFF, 0xFF,
  0xFF, 0xFF, 0xFF, 0xF0, 0x00, 0x00, 0x00, 0x00, 0x01, 0xE0, 0x00, 0x78,
  0x00, 0x1E, 0x00, 0x07, 0x80, 0x00, 0x00, 0x80, 0x7F, 0x18, 0x3F, 0xFF,
  0x8F, 0xFF, 0xE3, 0xFF, 0xF8, 0xFC, 0x3F, 0x9F, 0x07, 0xF7, 0xE1, 0xFF,
  0xF8, 0x7B, 0xFF, 0x1E, 0x7F, 0xE3, 0x8F, 0xFC, 0xF1, 0xFF, 0xBC, 0x3F,
  0xFF, 0x0F, 0xDF, 0xC1, 0xF3, 0xF0, 0x7E, 0x3F, 0xFF, 0x8F, 0xFF, 0xE3,
  0xFF, 0xF8, 0x31, 0xFC, 0x02, 0x00, 0x00, 0x0F, 0x80, 0x07, 0x80, 0x03,
  0xC0, 0x01, 0xC0, 0x00, 0xE0, 0x00, 0x00, 0x00, 0x00, 0x00, 0x00, 0xF8,
  0x1F, 0xF8, 0x1F, 0xF8, 0x1F, 0xF8, 0x1F, 0xF8, 0x1F, 0xF8, 0x1F, 0xF8,
  0x1F, 0xF8, 0x1F, 0xF8, 0x1F, 0xF8, 0x1F, 0xF8, 0x1F, 0xF8, 0x1F, 0xF8,
  0x1F, 0xF8, 0x3F, 0xFC, 0x7F, 0xFF, 0xFF, 0x7F, 0xFF, 0x3F, 0xEF, 0x1F,
  0x8F, 0x00, 0xF8, 0x00, 0xF0, 0x01, 0xE0, 0x01, 0xC0, 0x03, 0x80, 0x00,
  0x00, 0x00, 0x00, 0x00, 0x00, 0xF8, 0x1F, 0xF8, 0x1F, 0xF8, 0x1F, 0xF8,
  0x1F, 0xF8, 0x1F, 0xF8, 0x1F, 0xF8, 0x1F, 0xF8, 0x1F, 0xF8, 0x1F, 0xF8,
  0x1F, 0xF8, 0x1F, 0xF8, 0x1F, 0xF8, 0x1F, 0xF8, 0x3F, 0xFC, 0x7F, 0xFF,
  0xFF, 0x7F, 0xFF, 0x3F, 0xEF, 0x1F, 0x8F, 0x03, 0xE0, 0x07, 0xF0, 0x07,
  0x70, 0x0F, 0x78, 0x1E, 0x3C, 0x00, 0x00, 0x00, 0x00, 0x00, 0x00, 0xF8,
  0x1F, 0xF8, 0x1F, 0xF8, 0x1F, 0xF8, 0x1F, 0xF8, 0x1F, 0xF8, 0x1F, 0xF8,
  0x1F, 0xF8, 0x1F, 0xF8, 0x1F, 0xF8, 0x1F, 0xF8, 0x1F, 0xF8, 0x1F, 0xF8,
  0x1F, 0xF8, 0x3F, 0xFC, 0x7F, 0xFF, 0xFF, 0x7F, 0xFF, 0x3F, 0xEF, 0x1F,
  0x8F, 0x3C, 0x3C, 0x3C, 0x3C, 0x3C, 0x3C, 0x3C, 0x3C, 0x00, 0x00, 0x00,
  0x00, 0x00, 0x00, 0xF8, 0x1F, 0xF8, 0x1F, 0xF8, 0x1F, 0xF8, 0x1F, 0xF8,
  0x1F, 0xF8, 0x1F, 0xF8, 0x1F, 0xF8, 0x1F, 0xF8, 0x1F, 0xF8, 0x1F, 0xF8,
  0x1F, 0xF8, 0x1F, 0xF8, 0x1F, 0xF8, 0x3F, 0xFC, 0x7F, 0xFF, 0xFF, 0x7F,
  0xFF, 0x3F, 0xEF, 0x1F, 0x8F, 0x00, 0x7C, 0x00, 0x0F, 0x00, 0x03, 0xC0,
  0x00, 0x70, 0x00, 0x1C, 0x00, 0x00, 0x00, 0x00, 0x00, 0x00, 0x00, 0x00,
  0xF8, 0x03, 0xFF, 0x00, 0x7D, 0xF0, 0x1F, 0x3E, 0x03, 0xE7, 0xC0, 0x7C,
  0x7C, 0x1F, 0x0F, 0x83, 0xE0, 0xF0, 0x78, 0x1F, 0x1F, 0x03, 0xE3, 0xE0,
  0x3C, 0x78, 0x07, 0xDF, 0x00, 0xFB, 0xC0, 0x0F, 0x78, 0x01, 0xFF, 0x00,
  0x1F, 0xC0, 0x03, 0xF8, 0x00, 0x7F, 0x00, 0x07, 0xC0, 0x00, 0xF8, 0x00,
  0x3E, 0x00, 0x0F, 0xC0, 0x1F, 0xF8, 0x03, 0xFE, 0x00, 0x7F, 0x80, 0x0F,
  0xC0, 0x00, 0xF8, 0x00, 0x7C, 0x00, 0x3E, 0x00, 0x1F, 0x00, 0x0F, 0x80,
  0x07, 0xC0, 0x03, 0xE3, 0xC1, 0xF7, 0xF8, 0xFF, 0xFE, 0x7F, 0xFF, 0xBF,
  0x8F, 0xDF, 0x83, 0xFF, 0x80, 0xFF, 0xC0, 0x7F, 0xE0, 0x3F, 0xF0, 0x1F,
  0xF8, 0x0F, 0xFC, 0x07, 0xFE, 0x03, 0xFF, 0x83, 0xEF, 0xE3, 0xF7, 0xFF,
  0xFB, 0xFF, 0xF9, 0xF7, 0xF8, 0xF8, 0xF0, 0x7C, 0x00, 0x3E, 0x00, 0x1F,
  0x00, 0x0F, 0x80, 0x07, 0xC0, 0x03, 0xE0, 0x01, 0xF0, 0x00, 0x0F, 0x0F,
  0x01, 0xE1, 0xE0, 0x3C, 0x3C, 0x07, 0x87, 0x80, 0x00, 0x00, 0x00, 0x00,
  0x00, 0x00, 0x07, 0xC0, 0x1F, 0xF8, 0x03, 0xEF, 0x80, 0xF9, 0xF0, 0x1F,
  0x3E, 0x03, 0xE3, 0xE0, 0xF8, 0x7C, 0x1F, 0x07, 0x83, 0xC0, 0xF8, 0xF8,
  0x1F, 0x1F, 0x01, 0xE3, 0xC0, 0x3E, 0xF8, 0x07, 0xDE, 0x00, 0x7B, 0xC0,
  0x0F, 0xF8, 0x00, 0xFE, 0x00, 0x1F, 0xC0, 0x03, 0xF8, 0x00, 0x3E, 0x00,
  0x07, 0xC0, 0x01, 0xF0, 0x00, 0x7E, 0x00, 0xFF, 0xC0, 0x1F, 0xF0, 0x03,
  0xFC, 0x00, 0x7E, 0x00, 0x00, 0x00, 0xC0, 0x60, 0x00, 0xE0, 0xE0, 0x00,
  0x7F, 0xC0, 0x00, 0x1F, 0x00, 0x00, 0x00, 0x00, 0x00, 0x00, 0x00, 0x00,
  0x7F, 0x80, 0x03, 0xFF, 0xF0, 0x07, 0xFF, 0xF8, 0x1F, 0xFF, 0xFC, 0x3F,
  0xC0, 0xFE, 0x3F, 0x00, 0x7F, 0x7E, 0x00, 0x3F, 0x7C, 0x00, 0x1C, 0x7C,
  0x00, 0x00, 0xF8, 0x00, 0x00, 0xF8, 0x00, 0x00, 0xF8, 0x00, 0x00, 0xF8,
  0x07, 0xFF, 0xF8, 0x07, 0xFF, 0xF8, 0x07, 0xFF, 0xF8, 0x07, 0xFF, 0x7C,
  0x00, 0x1F, 0x7C, 0x00, 0x1F, 0x7E, 0x00, 0x1F, 0x3F, 0x00, 0x3F, 0x3F,
  0xC0, 0xFF, 0x1F, 0xFF, 0xFF, 0x07, 0xFF, 0xFE, 0x03, 0xFF, 0xF0, 0x00,
  0x7F, 0x80, 0x18, 0x0C, 0x0E, 0x0E, 0x03, 0xFE, 0x00, 0x7C, 0x00, 0x00,
  0x00, 0x00, 0x00, 0x00, 0x00, 0x0F, 0x8F, 0x1F, 0xF7, 0x9F, 0xFB, 0xDF,
  0xFF, 0xEF, 0xC7, 0xF7, 0xC1, 0xFF, 0xC0, 0x7F, 0xE0, 0x3F, 0xF0, 0x1F,
  0xF8, 0x0F, 0xFC, 0x07, 0xFE, 0x03, 0xFF, 0x01, 0xF7, 0xC1, 0xFB, 0xF1,
  0xFD, 0xFF, 0xFE, 0x7F, 0xFF, 0x1F, 0xFF, 0x83, 0xE7, 0xC0, 0x03, 0xEE,
  0x01, 0xF7, 0xC1, 0xFB, 0xFF, 0xF8, 0xFF, 0xFC, 0x3F, 0xFC, 0x07, 0xF8,
  0x00, 0xFF, 0xFF, 0xFF, 0x80, 0x1F, 0xFF, 0xFF, 0xFF, 0xFF, 0xFF, 0xFF,
  0xFF, 0xFF, 0xFF, 0xFF, 0xFF, 0xFF, 0xFF, 0xFF, 0xFF, 0xFF, 0xFF, 0xFF,
  0xFF, 0xFF, 0xFF, 0xFF, 0xFF, 0xFF, 0xFF, 0xFF, 0xFE, 0x03, 0xFC, 0x00,
  0xFF, 0xF0, 0x1F, 0xFF, 0x83, 0xFF, 0xFC, 0x7E, 0x0F, 0xC7, 0xC0, 0x7E,
  0x7C, 0x03, 0xE7, 0xC0, 0x3E, 0x7E, 0x00, 0x03, 0xFC, 0x00, 0x3F, 0xFC,
  0x01, 0xFF, 0xF0, 0x0F, 0xFF, 0xC0, 0x1F, 0xFE, 0x00, 0x1F, 0xE0, 0x00,
  0x3F, 0xF8, 0x01, 0xFF, 0x80, 0x1F, 0xFC, 0x01, 0xF7, 0xC0, 0x3F, 0x7F,
  0x07, 0xE3, 0xFF, 0xFE, 0x1F, 0xFF, 0xC0, 0xFF, 0xF8, 0x03, 0xFE, 0x00,
  0x1F, 0x80, 0x01, 0xFC, 0x00, 0x01, 0xE0, 0x00, 0x1E, 0x00, 0x03, 0xE0,
  0x03, 0xFC, 0x00, 0x3F, 0x00, 0x07, 0xF0, 0x1F, 0xFC, 0x3F, 0xFE, 0x7E,
  0x3F, 0x7C, 0x1C, 0x7C, 0x00, 0x7F, 0x00, 0x7F, 0xE0, 0x3F, 0xFC, 0x1F,
  0xFE, 0x03, 0xFF, 0x00, 0x7F, 0x00, 0x1F, 0x38, 0x1F, 0xFC, 0x3F, 0x7F,
  0xFE, 0x7F, 0xFE, 0x1F, 0xFC, 0x0F, 0xF0, 0x07, 0xE0, 0x07, 0xF0, 0x00,
  0x78, 0x00, 0x78, 0x00, 0xF8, 0x0F, 0xF0, 0x0F, 0xC0,
};
const GFXglyph TrSans18Glyphs[] PROGMEM = {
  { 0, 1, 1, 10, 0, 0 },
  { 1, 5, 25, 11, 3, -24 },
  { 17, 13, 9, 17, 2, -24 },
  { 32, 19, 25, 19, 0, -24 },
  { 92, 16, 30, 19, 1, -26 },
  { 152, 28, 26, 31, 1, -24 },
  { 243, 23, 25, 25, 1, -24 },
  { 315, 5, 9, 8, 2, -24 },
  { 321, 9, 32, 12, 2, -24 },
  { 357, 9, 32, 12, 1, -24 },
  { 393, 13, 12, 14, 0, -24 },
  { 413, 18, 18, 20, 1, -21 },
  { 454, 5, 11, 10, 2, -4 },
  { 461, 10, 4, 12, 2, -10 },
  { 466, 5, 5, 10, 2, -4 },
  { 470, 10, 25, 10, 0, -24 },
  { 502, 16, 25, 19, 1, -24 },
  { 552, 11, 25, 19, 2, -24 },
  { 587, 16, 25, 19, 1, -24 },
  { 637, 16, 25, 19, 1, -24 },
  { 687, 18, 25, 19, 0, -24 },
  { 744, 16, 25, 19, 1, -24 },
  { 794, 16, 25, 19, 1, -24 },
  { 844, 16, 25, 19, 1, -24 },
  { 894, 16, 25, 19, 1, -24 },
  { 944, 16, 25, 19, 1, -24 },
  { 994, 5, 19, 11, 3, -18 },
  { 1006, 5, 25, 11, 3, -18 },
  { 1022, 17, 19, 20, 1, -21 },
  { 1063, 17, 11, 20, 1, -17 },
  { 1087, 17, 19, 20, 1, -21 },
  { 1128, 18, 25, 21, 2, -24 },
  { 1185, 33, 34, 34, 1, -24 },
  { 1326, 23, 25, 23, 0, -24 },
  { 1398, 20, 25, 24, 3, -24 },
  { 1461, 22, 25, 25, 1, -24 },
  { 1530, 21, 25, 25, 3, -24 },
  { 1596, 18, 25, 23, 3, -24 },
  { 1653, 16, 25, 21, 3, -24 },
  { 1703, 24, 25, 27, 1, -24 },
  { 1778, 19, 25, 25, 3, -24 },
  { 1838, 5, 25, 9, 2, -24 },
  { 1854, 15, 25, 19, 1, -24 },
  { 1901, 22, 25, 25, 3, -24 },
  { 1970, 17, 25, 21, 3, -24 },
  { 2024, 23, 25, 29, 3, -24 },
  { 2096, 19, 25, 25, 3, -24 },
  { 2156, 24, 25, 26, 1, -24 },
  { 2231, 19, 25, 23, 3, -24 },
  { 2291, 24, 27, 27, 1, -24 },
  { 2372, 22, 25, 25, 3, -24 },
  { 2441, 20, 25, 23, 1, -24 },
  { 2504, 19, 25, 21, 1, -24 },
  { 2564, 19, 25, 25, 3, -24 },
  { 2624, 23, 25, 23, 0, -24 },
  { 2696, 33, 25, 33, 0, -24 },
  { 2800, 23, 25, 23, 0, -24 },
  { 2872, 25, 25, 23, -1, -24 },
  { 2951, 20, 25, 21, 0, -24 },
  { 3014, 9, 32, 12, 3, -24 },
  { 3050, 10, 25, 10, 0, -24 },
  { 3082, 9, 32, 12, 0, -24 },
  { 3118, 16, 14, 20, 2, -24 },
  { 3146, 20, 4, 19, -1, 4 },
  { 3156, 7, 5, 12, 1, -24 },
  { 3161, 17, 19, 19, 1, -18 },
  { 3202, 17, 25, 21, 3, -24 },
  { 3256, 17, 19, 19, 1, -18 },
  { 3297, 17, 25, 21, 1, -24 },
  { 3351, 17, 19, 19, 1, -18 },
  { 3392, 13, 25, 12, 0, -24 },
  { 3433, 17, 26, 21, 1, -18 },
  { 3489, 16, 25, 20, 2, -24 },
  { 3539, 5, 25, 9, 2, -24 },
  { 3555, 9, 32, 10, -2, -24 },
  { 3591, 16, 25, 19, 3, -24 },
  { 3641, 5, 25, 9, 2, -24 },
  { 3657, 27, 19, 31, 2, -18 },
  { 3722, 16, 19, 20, 2, -18 },
  { 3760, 19, 19, 21, 1, -18 },
  { 3806, 17, 26, 21, 3, -18 },
  { 3862, 17, 26, 21, 1, -18 },
  { 3918, 12, 19, 14, 2, -18 },
  { 3947, 16, 19, 19, 1, -18 },
  { 3985, 11, 25, 12, 1, -24 },
  { 4020, 16, 19, 20, 2, -18 },
  { 4058, 19, 19, 19, 0, -18 },
  { 4104, 29, 19, 29, 0, -18 },
  { 4173, 19, 19, 19, 0, -18 },
  { 4219, 19, 26, 20, 1, -18 },
  { 4281, 16, 19, 18, 1, -18 },
  { 4319, 12, 32, 14, 1, -24 },
  { 4367, 4, 33, 10, 3, -24 },
  { 4384, 12, 32, 14, 1, -24 },
  { 4432, 18, 6, 20, 1, -14 },
  { 4446, 18, 22, 26, 4, -21 },
  { 4496, 18, 22, 26, 4, -21 },
  { 4546, 18, 22, 26, 4, -21 },
  { 4596, 18, 22, 26, 4, -21 },
  { 4646, 18, 22, 26, 4, -21 },
  { 4696, 18, 22, 26, 4, -21 },
  { 4746, 18, 22, 26, 4, -21 },
  { 4796, 18, 22, 26, 4, -21 },
  { 4846, 18, 22, 26, 4, -21 },
  { 4896, 18, 22, 26, 4, -21 },
  { 4946, 18, 22, 26, 4, -21 },
  { 4996, 18, 22, 26, 4, -21 },
  { 5046, 18, 22, 26, 4, -21 },
  { 5096, 18, 22, 26, 4, -21 },
  { 5146, 18, 22, 26, 4, -21 },
  { 5196, 18, 22, 26, 4, -21 },
  { 5246, 18, 22, 26, 4, -21 },
  { 5296, 18, 22, 26, 4, -21 },
  { 5346, 18, 22, 26, 4, -21 },
  { 5396, 18, 22, 26, 4, -21 },
  { 5446, 18, 22, 26, 4, -21 },
  { 5496, 18, 22, 26, 4, -21 },
  { 5546, 18, 22, 26, 4, -21 },
  { 5596, 18, 22, 26, 4, -21 },
  { 5646, 18, 22, 26, 4, -21 },
  { 5696, 18, 22, 26, 4, -21 },
  { 5746, 18, 22, 26, 4, -21 },
  { 5796, 18, 22, 26, 4, -21 },
  { 5846, 18, 22, 26, 4, -21 },
  { 5896, 18, 22, 26, 4, -21 },
  { 5946, 18, 22, 26, 4, -21 },
  { 5996, 18, 22, 26, 4, -21 },
  { 6046, 18, 22, 26, 4, -21 },
  { 6096, 1, 1, 10, 0, 0 },
  { 6097, 5, 26, 11, 3, -18 },
  { 6114, 17, 32, 19, 1, -24 },
  { 6182, 18, 25, 19, 0, -24 },
  { 6239, 17, 17, 19, 1, -19 },
  { 6276, 18, 25, 19, 0, -24 },
  { 6333, 4, 33, 10, 3, -24 },
  { 6350, 17, 32, 19, 1, -24 },
  { 6418, 12, 4, 12, 0, -24 },
  { 6424, 26, 25, 26, 0, -24 },
  { 6506, 11, 13, 13, 1, -24 },
  { 6524, 16, 16, 19, 2, -16 },
  { 6556, 17, 12, 20, 1, -18 },
  { 6582, 10, 4, 12, 2, -10 },
  { 6587, 26, 25, 26, 0, -24 },
  { 6669, 19, 4, 19, 0, -30 },
  { 6679, 11, 11, 14, 1, -24 },
  { 6695, 18, 24, 19, 1, -23 },
  { 6749, 10, 13, 12, 1, -24 },
  { 6766, 10, 13, 12, 1, -24 },
  { 6783, 7, 5, 12, 3, -24 },
  { 6788, 16, 26, 20, 2, -18 },
  { 6840, 20, 32, 19, 0, -24 },
  { 6920, 5, 5, 12, 3, -14 },
  { 6924, 9, 7, 11, 1, 1 },
  { 6932, 7, 13, 12, 1, -24 },
  { 6944, 11, 13, 13, 1, -24 },
  { 6962, 16, 16, 19, 2, -16 },
  { 6994, 28, 25, 29, 1, -24 },
  { 7082, 27, 25, 29, 1, -24 },
  { 7167, 28, 25, 29, 1, -24 },
  { 7255, 17, 26, 21, 2, -18 },
  { 11525, 24, 31, 27, 1, -30 },
  { 7403, 23, 32, 23, 0, -31 },
  { 7495, 23, 32, 23, 0, -31 },
  { 7587, 23, 31, 23, 0, -30 },
  { 7677, 23, 31, 23, 0, -30 },
  { 7767, 23, 29, 23, 0, -28 },
  { 7851, 35, 25, 35, -2, -24 },
  { 7961, 22, 32, 25, 1, -24 },
  { 8049, 18, 32, 23, 3, -31 },
  { 8121, 18, 32, 23, 3, -31 },
  { 8193, 18, 32, 23, 3, -31 },
  { 8265, 18, 31, 23, 3, -30 },
  { 11689, 5, 32, 9, 2, -31 },
  { 8363, 7, 32, 9, 1, -31 },
  { 8391, 11, 32, 9, -1, -31 },
  { 8435, 12, 31, 9, -1, -30 },
  { 8482, 24, 25, 25, 0, -24 },
  { 8557, 19, 31, 25, 3, -30 },
  { 8631, 24, 32, 26, 1, -31 },
  { 8727, 24, 32, 26, 1, -31 },
  { 8823, 24, 32, 26, 1, -31 },
  { 8919, 24, 31, 26, 1, -30 },
  { 9012, 24, 31, 26, 1, -30 },
  { 9105, 15, 15, 20, 2, -18 },
  { 9134, 27, 27, 27, 0, -25 },
  { 9226, 19, 32, 25, 3, -31 },
  { 9302, 19, 32, 25, 3, -31 },
  { 9378, 19, 32, 25, 3, -31 },
  { 9454, 19, 31, 25, 3, -30 },
  { 9528, 25, 32, 23, -1, -31 },
  { 11721, 20, 32, 23, 1, -24 },
  { 9685, 18, 25, 21, 2, -24 },
  { 11618, 17, 33, 21, 1, -25 },
  { 9800, 17, 27, 19, 1, -26 },
  { 9858, 17, 27, 19, 1, -26 },
  { 9916, 17, 26, 19, 1, -25 },
  { 9972, 17, 26, 19, 1, -25 },
  { 10028, 17, 28, 19, 1, -27 },
  { 10088, 28, 19, 31, 1, -18 },
  { 10155, 17, 26, 19, 1, -18 },
  { 10211, 17, 27, 19, 1, -26 },
  { 10269, 17, 27, 19, 1, -26 },
  { 10327, 17, 27, 19, 1, -26 },
  { 10385, 17, 26, 19, 1, -25 },
  { 11709, 5, 19, 9, 2, -18 },
  { 10465, 7, 27, 9, 1, -26 },
  { 10489, 11, 27, 9, -1, -26 },
  { 10527, 12, 26, 9, -1, -25 },
  { 10566, 19, 25, 21, 1, -24 },
  { 10626, 16, 26, 20, 2, -25 },
  { 10678, 19, 27, 21, 1, -26 },
  { 10743, 19, 27, 21, 1, -26 },
  { 10808, 19, 27, 21, 1, -26 },
  { 10873, 19, 26, 21, 1, -25 },
  { 10935, 19, 26, 21, 1, -25 },
  { 10997, 18, 16, 19, 1, -18 },
  { 11033, 19, 21, 21, 1, -19 },
  { 11083, 16, 27, 20, 2, -26 },
  { 11137, 16, 27, 20, 2, -26 },
  { 11191, 16, 27, 20, 2, -26 },
  { 11245, 16, 26, 20, 2, -25 },
  { 11297, 19, 34, 20, 1, -26 },
  { 11801, 16, 26, 19, 1, -18 },
  { 11446, 19, 33, 20, 1, -25 },
};
const GFXfont TrSans18 PROGMEM = {(uint8_t *)TrSans18Bitmaps, (GFXglyph *)TrSans18Glyphs, 0x20, 0xFF, 41};
